subject,session,date,timestamp,tsnr,fwhm_avg,dvars_nstd,fd_mean,gcor,snr
756,ses-01,2019-07-01,1562000246.0,30.162994384765625,3.3140199999999997,51.69886525383333,0.24050952639392287,0.0034327,3.833753735936977
756,ses-01,2019-07-01,1562000406.0,25.028099060058594,3.774335,49.179923604586186,0.15907847363840533,0.00203526,3.2847468412393934
756,ses-01,2019-07-01,1562001086.0,24.186046600341797,3.78041,50.32319935258427,0.15368842835244745,0.00251062,3.2527476916453737
756,ses-01,2019-07-01,1562001766.0,35.641021728515625,2.4938483844893207,36.21949025457216,0.13429785132398797,0.00668458,7.226668683337395
756,ses-01,2019-07-01,1562002366.0,35.54967498779297,2.5031183849739063,37.98084676368866,0.13455350181649278,0.00531532,7.1742415192203515
19.08.01-15:19:58-DST-1.3.12.2.1107.5.2.43.166114,ses-01,2019-08-01,1564687416.0,118.173828125,5.019571666666667,11.269758107937573,0.02587645885044679,0.157261,9.421758260325424
790,ses-02,2019-08-13,1565724085.0,,,,,,
790,ses-02,2019-08-13,1565724085.0,,,,,,
790,ses-02,2019-08-13,1565724085.0,,,,,,
790,ses-02,2019-08-13,1565723565.0,46.492794036865234,2.47011,35.33134076110054,0.09555386658669339,0.00723672,5.49834120828541
790,ses-02,2019-08-13,1565724750.0,,,,,,
790,ses-02,2019-08-13,1565724750.0,,,,,,
790,ses-02,2019-08-13,1565724750.0,,,,,,
790,ses-02,2019-08-13,1565724236.0,47.25127029418945,2.4771216666666667,36.03456178489795,0.09469088604493778,0.00739515,5.370169122891343
790,ses-02,2019-08-13,1565725433.0,,,,,,
790,ses-02,2019-08-13,1565725433.0,,,,,,
790,ses-02,2019-08-13,1565725433.0,,,,,,
790,ses-02,2019-08-13,1565724926.0,45.254234313964844,2.47704,36.48873999315219,0.0900668937659023,0.00622375,5.37222616154867
790,ses-02,2019-08-13,1565726076.0,,,,,,
790,ses-02,2019-08-13,1565726076.0,,,,,,
790,ses-02,2019-08-13,1565726076.0,,,,,,
790,ses-02,2019-08-13,1565725565.0,46.933013916015625,2.46955,36.592591236130794,0.0921227609030233,0.00700504,5.3721037012460355
790,ses-02,2019-08-13,1565726709.0,,,,,,
790,ses-02,2019-08-13,1565726709.0,,,,,,
790,ses-02,2019-08-13,1565726709.0,,,,,,
790,ses-02,2019-08-13,1565726196.0,46.445106506347656,2.4528766666666666,36.4408406887211,0.09453184299703843,0.00585307,5.392551318748259
790,ses-02,2020-02-06,1581005955.0,46.277076721191406,2.4749633333333336,35.35416721884671,0.09485204329310357,0.0074456,5.450621471413556
790,ses-03,2019-08-16,1565978893.0,48.173770904541016,2.504315,34.136800967829,0.12871742322939494,0.0115536,6.395927013526044
790,ses-03,2019-08-16,1565979513.0,47.510589599609375,2.4752566666666667,33.52102226085482,0.12010559748493546,0.00692902,6.412784833853684
790,ses-03,2019-08-16,1565980153.0,47.73017883300781,2.4905266666666668,33.27248495402983,0.11257060070460874,0.0070266,6.310842215293766
790,ses-03,2019-08-16,1565980813.0,48.71721267700195,2.47758,32.794103844993224,0.11586267219187282,0.00699109,6.319061963366821
790,ses-03,2019-08-16,1565981473.0,46.719547271728516,2.4827783333333335,32.096073103858686,0.11349283401905011,0.00670864,6.313140294417319
790,ses-04,2019-08-30,1567181666.0,42.887821197509766,2.481481666666667,34.08096659229306,0.14187607695782728,0.0101436,6.178852741782538
790,ses-04,2019-08-30,1567182288.0,45.98936462402344,2.4749199999999996,33.20713580998646,0.13080124625937986,0.00629108,6.092953833062281
790,ses-04,2019-08-30,1567182928.0,45.63718032836914,2.472705,32.638149417024465,0.12949889392546876,0.00586693,6.15940520291184
790,ses-04,2019-08-30,1567183546.0,46.520225524902344,2.4679283333333335,32.75077752293077,0.13085457966316064,0.00719915,6.049435271034258
790,ses-04,2019-08-30,1567184168.0,46.339996337890625,2.4827966666666668,32.57709925009498,0.12012460172450445,0.00717304,6.117833554489275
790,ses-05,2019-09-03,1567538371.0,41.49104309082031,2.497355,33.053420412211686,0.14168816536199277,0.00483125,6.402835512957957
790,ses-05,2019-09-03,1567538991.0,40.648948669433594,2.51422,33.41035613014945,0.14302614650501735,0.0038976,6.179956316104089
790,ses-05,2019-09-03,1567539607.0,46.12413024902344,2.5240416666666667,34.52217080303936,0.12351365001265609,0.00575361,6.227528599205379
790,ses-05,2019-09-03,1567540271.0,46.29051971435547,2.5243033333333336,34.82163047279513,0.12200404394387945,0.0052729,6.2443089291964595
790,ses-05,2019-09-03,1567540891.0,47.9964485168457,2.5218899999999995,36.87248718161016,0.12927860491968207,0.00607354,6.185915976900437
790,ses-05,2019-09-03,1567540891.0,46.54694366455078,2.5118733333333334,35.95517784283582,0.13048615028072186,0.00568951,6.1838169313204565
790,ses-06,2019-09-06,1567785128.0,46.66627502441406,2.536216666666667,34.8547470658209,0.1101608744229145,0.00911301,6.074503648781796
790,ses-06,2019-09-06,1567785748.0,48.52466583251953,2.53637,35.000760237571235,0.09736871273813501,0.00816467,6.011663254558574
790,ses-06,2019-09-06,1567786428.0,49.40443801879883,2.53476,35.1324274227137,0.10035653263512702,0.00728175,6.029086139945751
790,ses-06,2019-09-06,1567787088.0,46.855560302734375,2.531086666666667,35.689812700583495,0.10789728279946884,0.00859411,5.9844272177599045
790,ses-06,2019-09-06,1567787708.0,45.88945007324219,2.553551666666667,35.428394947432096,0.11183740163997831,0.00700257,5.908599578043872
790,ses-07,2019-09-10,1568145338.0,41.855350494384766,2.5305633333333333,35.192794800263144,0.17510662201337202,0.0128478,6.240261422590882
790,ses-07,2019-09-10,1568145518.0,41.738807678222656,2.517225,34.597832008559735,0.12744085294629287,0.0120002,6.395662300261326
790,ses-07,2019-09-10,1568146138.0,46.90074157714844,2.504685,35.39649986161465,0.10974984328469217,0.00659496,6.343691731497437
790,ses-07,2019-09-10,1568146738.0,47.48918151855469,2.5060433333333334,35.278213891709676,0.1161499151949179,0.00698429,6.311938094498109
790,ses-07,2019-09-10,1568147358.0,46.399112701416016,2.4898783333333334,35.68542839398094,0.11488233188370411,0.00629028,6.409017782465296
790,ses-07,2019-09-10,1568147978.0,47.107513427734375,2.4937233333333335,36.033359338792394,0.11376142030521687,0.00527117,6.393745260941825
790,ses-08,2019-09-24,1569331685.0,44.88385772705078,2.5139216666666666,37.28107190734055,0.1422028877435485,0.00804813,6.171821234843983
790,ses-08,2019-09-24,1569332325.0,45.836238861083984,2.4996500000000004,37.44412997483043,0.12876256447203352,0.0108117,6.206135209178538
790,ses-08,2019-09-24,1569332925.0,47.209598541259766,2.4926600000000003,37.73085105312077,0.12322763843848365,0.00733259,6.118903489751001
790,ses-08,2019-09-24,1569333545.0,46.565025329589844,2.4770516666666667,37.95067125151968,0.12126590684637535,0.00733267,6.142138103297215
790,ses-08,2019-09-24,1569334165.0,46.47948455810547,2.4812483333333333,38.01158143900948,0.12039193878038522,0.0077476,6.066049466488366
790,ses-09,2019-09-24,1569350685.0,45.841426849365234,2.50217,38.914432595441,0.1281128348683273,0.010466,6.069885861004609
790,ses-09,2019-09-24,1569351305.0,48.06643295288086,2.480865,39.09150901535953,0.10833302608438278,0.00544456,6.1011166914827415
790,ses-09,2019-09-24,1569351945.0,47.48506164550781,2.5002666666666666,39.23639635144022,0.11185349339283764,0.00525663,6.033775037358135
790,ses-09,2019-09-24,1569352545.0,48.55030822753906,2.5024149999999996,39.2239380216282,0.10952821650233382,0.00527264,6.047035960876637
790,ses-09,2019-09-24,1569353165.0,47.91546630859375,2.508315,39.270496681614645,0.11638822481657639,0.00699505,6.019014284366481
790,ses-10,2019-09-25,1569445431.0,47.81355285644531,2.5225883333333337,39.4431026334057,0.11829938879973717,0.00873169,6.096324571320338
790,ses-10,2019-09-25,1569446091.0,47.95004653930664,2.497645,39.13632517886025,0.09962234223202208,0.00724632,6.1213343079918605
790,ses-10,2019-09-25,1569446691.0,48.111961364746094,2.506393333333333,38.93260260936228,0.10514999581796447,0.00875146,6.0991114804958535
790,ses-10,2019-09-25,1569447311.0,46.92725372314453,2.505796666666667,38.64935844917232,0.10994748219936472,0.00651162,6.0898143428357745
790,ses-10,2019-09-25,1569447911.0,47.90081024169922,2.502866666666667,38.62339215932068,0.1032070281989244,0.00805181,6.129822099902039
LOKI-Test-Aug12,ses-02,2019-08-13,1565640279.0,99.7177734375,4.532871666666667,23.974010383337863,0.23293827644298545,0.0431287,9.789091204789848
19.08.13-14:28:59-DST-1.3.12.2.1107.5.2.43.166114,ses-02,2019-08-13,1565721758.0,129.87059020996094,6.970391666666667,11.780865182000003,0.013210256260976983,0.000570915,9.280323006997937
813,ses-02,2019-10-15,1571155178.0,,,,,,
813,ses-02,2019-10-15,1571155178.0,,,,,,
813,ses-02,2019-10-15,1571155178.0,,,,,,
813,ses-02,2019-10-15,1571154669.0,46.78608703613281,2.5523933333333333,32.07011738202723,0.09733330646965398,0.0102612,5.863238085765548
813,ses-02,2019-10-15,1571155863.0,,,,,,
813,ses-02,2019-10-15,1571155863.0,,,,,,
813,ses-02,2019-10-15,1571155863.0,,,,,,
813,ses-02,2019-10-15,1571155349.0,47.71147918701172,2.5462166666666666,31.999739503242886,0.09148057425477187,0.00624746,5.821473046885407
813,ses-02,2019-10-15,1571156496.0,,,,,,
813,ses-02,2019-10-15,1571156496.0,,,,,,
813,ses-02,2019-10-15,1571156496.0,,,,,,
813,ses-02,2019-10-15,1571155989.0,48.06098175048828,2.55071,31.996826695353267,0.09407340972839383,0.00421891,5.856538180922871
813,ses-02,2019-10-15,1571157118.0,,,,,,
813,ses-02,2019-10-15,1571157118.0,,,,,,
813,ses-02,2019-10-15,1571157118.0,,,,,,
813,ses-02,2019-10-15,1571156589.0,48.46357727050781,2.5463816666666665,31.761381793649978,0.09351410560436174,0.00567262,5.868666003012339
813,ses-02,2019-10-15,1571157739.0,,,,,,
813,ses-02,2019-10-15,1571157739.0,,,,,,
813,ses-02,2019-10-15,1571157739.0,,,,,,
813,ses-02,2019-10-15,1571157209.0,48.24171829223633,2.5396199999999998,31.96135832703804,0.09920318626161409,0.00440493,5.856163692986138
813,ses-02,2020-02-06,1581010396.0,46.80244445800781,2.5485582266163953,32.07398675421766,0.09726979146303602,0.0102586,5.857138400297509
813,ses-03,2019-10-17,1571327738.0,,,,,,
813,ses-03,2019-10-17,1571327738.0,,,,,,
813,ses-03,2019-10-17,1571327738.0,,,,,,
813,ses-03,2019-10-17,1571327231.0,47.58586502075195,2.549796666666667,31.462469779850558,0.09538300634179411,0.00692436,5.834278595941731
813,ses-03,2019-10-17,1571328362.0,,,,,,
813,ses-03,2019-10-17,1571328362.0,,,,,,
813,ses-03,2019-10-17,1571328362.0,,,,,,
813,ses-03,2019-10-17,1571327839.0,47.43355178833008,2.5547166666666663,31.142244082163252,0.08677162391397736,0.00882948,5.8940665464783475
813,ses-03,2019-10-17,1571328965.0,,,,,,
813,ses-03,2019-10-17,1571328965.0,,,,,,
813,ses-03,2019-10-17,1571328965.0,,,,,,
813,ses-03,2019-10-17,1571328459.0,47.76934814453125,2.5702683333333334,31.46393668240813,0.08751200661930515,0.00789661,5.7689202642607995
813,ses-03,2019-10-17,1571329571.0,,,,,,
813,ses-03,2019-10-17,1571329571.0,,,,,,
813,ses-03,2019-10-17,1571329571.0,,,,,,
813,ses-03,2019-10-17,1571329051.0,47.266624450683594,2.551615,31.65195546453804,0.0916390959646987,0.00805129,5.881798215317586
813,ses-03,2019-10-17,1571330199.0,,,,,,
813,ses-03,2019-10-17,1571330199.0,,,,,,
813,ses-03,2019-10-17,1571330199.0,,,,,,
813,ses-03,2019-10-17,1571329679.0,47.40406036376953,2.5539633333333334,32.19364948365489,0.09599920608569555,0.0072599,5.829888117750756
813,ses-04_old,2019-10-23,1571852528.0,,,,,,
813,ses-04_old,2019-10-23,1571852528.0,,,,,,
813,ses-04_old,2019-10-23,1571852528.0,,,,,,
813,ses-04_old,2019-10-23,1571852007.0,30.06308937072754,2.976848333333333,49.54633828879074,0.12237293505164615,0.00299124,4.615145352079919
813,ses-04_old,2019-10-23,1571853317.0,,,,,,
813,ses-04_old,2019-10-23,1571853317.0,,,,,,
813,ses-04_old,2019-10-23,1571853317.0,,,,,,
813,ses-04_old,2019-10-23,1571852787.0,30.781890869140625,3.0313666666666665,49.225444027625514,0.11615659582485419,0.00380711,4.441697502960407
813,ses-04_old,2019-10-23,1571853948.0,,,,,,
813,ses-04_old,2019-10-23,1571853948.0,,,,,,
813,ses-04_old,2019-10-23,1571853948.0,,,,,,
813,ses-04_old,2019-10-23,1571853427.0,30.661869049072266,3.0744849999999997,48.8236097803664,0.11719562968882957,0.00380365,4.32949945345419
813,ses-04_old,2019-10-23,1571854555.0,,,,,,
813,ses-04_old,2019-10-23,1571854555.0,,,,,,
813,ses-04_old,2019-10-23,1571854555.0,,,,,,
813,ses-04_old,2019-10-23,1571854027.0,30.405031204223633,3.046343333333333,48.80199754760865,0.12136750838852606,0.00474498,4.363217013131863
813,ses-04_old,2019-10-23,1571855330.0,,,,,,
813,ses-04_old,2019-10-23,1571855330.0,,,,,,
813,ses-04_old,2019-10-23,1571855330.0,,,,,,
813,ses-04_old,2019-10-23,1571854827.0,46.07845687866211,2.5788116666666667,32.3791746230068,0.10918490903241697,0.00482821,5.670038225189869
813,ses-05,2019-10-29,1572363911.0,,,,,,
813,ses-05,2019-10-29,1572363911.0,,,,,,
813,ses-05,2019-10-29,1572363911.0,,,,,,
813,ses-05,2019-10-29,1572363386.0,45.43320083618164,2.613306666666667,33.77071800423912,0.12175361285041289,0.00789835,5.743794647907854
813,ses-05,2019-10-29,1572364525.0,,,,,,
813,ses-05,2019-10-29,1572364525.0,,,,,,
813,ses-05,2019-10-29,1572364525.0,,,,,,
813,ses-05,2019-10-29,1572364006.0,45.420475006103516,2.641291666666667,31.956927048002715,0.1264211047176167,0.00383996,5.626367264669334
813,ses-05,2019-10-29,1572365139.0,,,,,,
813,ses-05,2019-10-29,1572365139.0,,,,,,
813,ses-05,2019-10-29,1572365139.0,,,,,,
813,ses-05,2019-10-29,1572364626.0,46.79235076904297,2.6110233333333337,31.327657111358704,0.12110625939248977,0.00370305,5.732147320552265
813,ses-05,2019-10-29,1572366318.0,,,,,,
813,ses-05,2019-10-29,1572366318.0,,,,,,
813,ses-05,2019-10-29,1572366318.0,,,,,,
813,ses-05,2019-10-29,1572365806.0,43.02933120727539,2.6633216666666666,35.63328798210596,0.12384468029692138,0.00512138,5.509573354969134
813,ses-05,2019-10-29,1572366936.0,,,,,,
813,ses-05,2019-10-29,1572366936.0,,,,,,
813,ses-05,2019-10-29,1572366936.0,,,,,,
813,ses-05,2019-10-29,1572366426.0,45.797481536865234,2.657906666666667,34.950430583499994,0.1721134315119702,0.00959089,5.5055389365037195
813,ses-05,2019-10-29,1572366426.0,45.93955993652344,2.6611816666666663,34.872640764279716,0.1230782142687303,0.00826567,5.473553877306742
813,ses-06,2019-10-30,1572455522.0,,,,,,
813,ses-06,2019-10-30,1572455522.0,,,,,,
813,ses-06,2019-10-30,1572455522.0,,,,,,
813,ses-06,2019-10-30,1572455003.0,45.084136962890625,2.5945500000000004,31.57753699168711,0.11997064321005523,0.00855683,5.705101159650963
813,ses-06,2019-10-30,1572456157.0,,,,,,
813,ses-06,2019-10-30,1572456157.0,,,,,,
813,ses-06,2019-10-30,1572456157.0,,,,,,
813,ses-06,2019-10-30,1572455643.0,46.04237365722656,2.5888416666666667,31.33363834044896,0.1264570516765763,0.00498508,5.700885371982512
813,ses-06,2019-10-30,1572456764.0,,,,,,
813,ses-06,2019-10-30,1572456764.0,,,,,,
813,ses-06,2019-10-30,1572456764.0,,,,,,
813,ses-06,2019-10-30,1572456243.0,43.77394485473633,2.6015533333333334,32.150152791929315,0.13561415254210998,0.00920484,5.623806186524643
813,ses-06,2019-10-30,1572457376.0,,,,,,
813,ses-06,2019-10-30,1572457376.0,,,,,,
813,ses-06,2019-10-30,1572457376.0,,,,,,
813,ses-06,2019-10-30,1572456863.0,46.062950134277344,2.6064849999999997,31.53122518637233,0.13539540523520333,0.00843748,5.5772168978496985
813,ses-06,2019-10-30,1572457978.0,,,,,,
813,ses-06,2019-10-30,1572457978.0,,,,,,
813,ses-06,2019-10-30,1572457978.0,,,,,,
813,ses-06,2019-10-30,1572457463.0,44.639163970947266,2.6046833333333335,31.565799668898,0.14406294260228444,0.00708199,5.56223491795277
813,ses-07,2019-10-31,1572536689.0,,,,,,
813,ses-07,2019-10-31,1572536689.0,,,,,,
813,ses-07,2019-10-31,1572536689.0,,,,,,
813,ses-07,2019-10-31,1572536168.0,46.871665954589844,2.5460316666666665,33.793897932146784,0.09924473443480526,0.00404731,5.847249084383629
813,ses-07,2019-10-31,1572537328.0,,,,,,
813,ses-07,2019-10-31,1572537328.0,,,,,,
813,ses-07,2019-10-31,1572537328.0,,,,,,
813,ses-07,2019-10-31,1572536815.0,47.085601806640625,2.5754550000000003,32.84463068716032,0.09591278792014209,0.00547642,5.752615364389035
813,ses-07,2019-10-31,1572537943.0,,,,,,
813,ses-07,2019-10-31,1572537943.0,,,,,,
813,ses-07,2019-10-31,1572537943.0,,,,,,
813,ses-07,2019-10-31,1572537428.0,45.56435775756836,2.56256,32.268880864918486,0.10594778596943198,0.00599725,5.752368749552099
813,ses-07,2019-10-31,1572538549.0,,,,,,
813,ses-07,2019-10-31,1572538549.0,,,,,,
813,ses-07,2019-10-31,1572538549.0,,,,,,
813,ses-07,2019-10-31,1572538028.0,44.7580451965332,2.568035,32.106809750733646,0.11119231581867857,0.00636288,5.754793304707144
813,ses-07,2019-10-31,1572539156.0,,,,,,
813,ses-07,2019-10-31,1572539156.0,,,,,,
813,ses-07,2019-10-31,1572539156.0,,,,,,
813,ses-07,2019-10-31,1572538635.0,48.8515625,2.5785716666666665,33.18600024684212,0.09855368443743938,0.00447961,5.735967442299498
813,ses-07,2019-10-31,1572538635.0,46.82101821899414,2.573766666666667,32.722348040956014,0.10472648187893487,0.00564374,5.728617458863772
813,ses-08,2019-11-06,1573057937.0,,,,,,
813,ses-08,2019-11-06,1573057937.0,,,,,,
813,ses-08,2019-11-06,1573057937.0,,,,,,
813,ses-08,2019-11-06,1573057427.0,45.4292106628418,2.6504816666666664,34.877763382122474,0.10700735463009357,0.00572044,5.416491073670555
813,ses-08,2019-11-06,1573058545.0,,,,,,
813,ses-08,2019-11-06,1573058545.0,,,,,,
813,ses-08,2019-11-06,1573058545.0,,,,,,
813,ses-08,2019-11-06,1573058027.0,45.87041091918945,2.628465,34.202053650502705,0.1063428832678104,0.0040173,5.487036002162089
813,ses-08,2019-11-06,1573059153.0,,,,,,
813,ses-08,2019-11-06,1573059153.0,,,,,,
813,ses-08,2019-11-06,1573059153.0,,,,,,
813,ses-08,2019-11-06,1573058647.0,45.68353271484375,2.6467716666666665,33.76189339672558,0.11413457697077369,0.00547427,5.416265486224386
813,ses-08,2019-11-06,1573059759.0,,,,,,
813,ses-08,2019-11-06,1573059759.0,,,,,,
813,ses-08,2019-11-06,1573059759.0,,,,,,
813,ses-08,2019-11-06,1573059247.0,46.104576110839844,2.6424800000000004,33.95183521001355,0.12040725108471335,0.00506965,5.452693962763659
813,ses-08,2019-11-06,1573060362.0,,,,,,
813,ses-08,2019-11-06,1573060362.0,,,,,,
813,ses-08,2019-11-06,1573060362.0,,,,,,
813,ses-08,2019-11-06,1573059847.0,46.983543395996094,2.6546016666666663,34.453731679578816,0.11597650256169921,0.00474995,5.411744216856174
813,ses-09,2019-11-07,1573158790.0,,,,,,
813,ses-09,2019-11-07,1573158790.0,,,,,,
813,ses-09,2019-11-07,1573158790.0,,,,,,
813,ses-09,2019-11-07,1573158287.0,44.900047302246094,2.57676,35.216325145760905,0.10909807050817145,0.00501928,5.695308597718097
813,ses-09,2019-11-07,1573159412.0,,,,,,
813,ses-09,2019-11-07,1573159412.0,,,,,,
813,ses-09,2019-11-07,1573159412.0,,,,,,
813,ses-09,2019-11-07,1573158907.0,46.32271957397461,2.5809016666666666,34.83543792721468,0.10667718822853825,0.00472799,5.633405074686079
813,ses-09,2019-11-07,1573160014.0,,,,,,
813,ses-09,2019-11-07,1573160014.0,,,,,,
813,ses-09,2019-11-07,1573160014.0,,,,,,
813,ses-09,2019-11-07,1573159493.0,46.471614837646484,2.5794216666666667,34.01290102889947,0.1074084370443909,0.00553369,5.664002727614216
813,ses-09,2019-11-07,1573160622.0,,,,,,
813,ses-09,2019-11-07,1573160622.0,,,,,,
813,ses-09,2019-11-07,1573160622.0,,,,,,
813,ses-09,2019-11-07,1573160107.0,46.77470779418945,2.58976,33.3204369080163,0.10891132144592093,0.00531526,5.606476222876134
813,ses-09,2019-11-07,1573161222.0,,,,,,
813,ses-09,2019-11-07,1573161222.0,,,,,,
813,ses-09,2019-11-07,1573161222.0,,,,,,
813,ses-09,2019-11-07,1573160707.0,45.475196838378906,2.608731666666667,33.24748256407605,0.11569837275387712,0.00736026,5.570865029442152
813,ses-10,2019-11-12,1573593683.0,,,,,,
813,ses-10,2019-11-12,1573593683.0,,,,,,
813,ses-10,2019-11-12,1573593683.0,,,,,,
813,ses-10,2019-11-12,1573593146.0,42.501583099365234,2.60535,33.956096393012196,0.11499014425948972,0.00559552,6.229565524431732
813,ses-10,2019-11-12,1573594018.0,,,,,,
813,ses-10,2019-11-12,1573594018.0,,,,,,
813,ses-10,2019-11-12,1573594018.0,,,,,,
813,ses-10,2019-11-12,1573593781.0,44.23345184326172,2.5846416666666667,33.6750923254942,0.11740351063421241,0.00321637,6.292039225437427
813,ses-10,2019-11-12,1573594834.0,,,,,,
813,ses-10,2019-11-12,1573594834.0,,,,,,
813,ses-10,2019-11-12,1573594834.0,,,,,,
813,ses-10,2019-11-12,1573594329.0,44.63489532470703,2.6154383333333335,31.810413127241823,0.11163276865460536,0.00473722,5.673676307796978
813,ses-10,2019-11-12,1573595433.0,,,,,,
813,ses-10,2019-11-12,1573595433.0,,,,,,
813,ses-10,2019-11-12,1573595433.0,,,,,,
813,ses-10,2019-11-12,1573594926.0,45.945556640625,2.608446666666667,32.14239176617367,0.11110749081690284,0.00556437,5.654666849975134
813,ses-10,2019-11-12,1573596026.0,,,,,,
813,ses-10,2019-11-12,1573596026.0,,,,,,
813,ses-10,2019-11-12,1573596026.0,,,,,,
813,ses-10,2019-11-12,1573595521.0,45.18443298339844,2.6321683333333334,32.025436041114155,0.11563777292525108,0.00459084,5.582734316946606
813,ses-10,2019-11-12,1573596634.0,,,,,,
813,ses-10,2019-11-12,1573596634.0,,,,,,
813,ses-10,2019-11-12,1573596634.0,,,,,,
813,ses-10,2019-11-12,1573596129.0,45.91054916381836,2.609323333333333,32.11869691865305,0.11919300012533096,0.00465642,5.63600983190272
813,ses-10,2019-11-12,1573597238.0,,,,,,
813,ses-10,2019-11-12,1573597238.0,,,,,,
813,ses-10,2019-11-12,1573597238.0,,,,,,
813,ses-10,2019-11-12,1573596726.0,45.189273834228516,2.617103333333333,32.00862186799731,0.11776309318167157,0.00397081,5.607578672852803
813,ses-04,2020-02-13,1581626337.0,,,,,,
813,ses-04,2020-02-13,1581626337.0,,,,,,
813,ses-04,2020-02-13,1581626337.0,,,,,,
813,ses-04,2020-02-13,1581625820.0,46.28556823730469,2.654896666666667,32.80088826614127,0.11517531992858768,0.00801523,5.3293919392017335
813,ses-04,2020-02-13,1581626948.0,,,,,,
813,ses-04,2020-02-13,1581626948.0,,,,,,
813,ses-04,2020-02-13,1581626948.0,,,,,,
813,ses-04,2020-02-13,1581626426.0,45.36127853393555,2.6755666666666666,33.091729990896695,0.11245636448218364,0.00684314,5.191871942384907
813,ses-04,2020-02-13,1581627567.0,,,,,,
813,ses-04,2020-02-13,1581627567.0,,,,,,
813,ses-04,2020-02-13,1581627567.0,,,,,,
813,ses-04,2020-02-13,1581627055.0,42.60775375366211,2.6804200000000002,33.00125914586393,0.10919709212568908,0.00551882,5.244931166418211
813,ses-04,2020-02-13,1581628191.0,,,,,,
813,ses-04,2020-02-13,1581628191.0,,,,,,
813,ses-04,2020-02-13,1581628191.0,,,,,,
813,ses-04,2020-02-13,1581627680.0,42.921791076660156,2.672098333333333,32.164073648641285,0.10318130297754913,0.00474457,5.190513231442599
813,ses-04,2020-02-13,1581628798.0,,,,,,
813,ses-04,2020-02-13,1581628798.0,,,,,,
813,ses-04,2020-02-13,1581628798.0,,,,,,
813,ses-04,2020-02-13,1581628286.0,45.243465423583984,2.6782116666666664,31.84756173137043,0.08378813568596334,0.0144404,5.200701384685479
811,ses-02,2020-01-31,1580503976.0,,,,,,
811,ses-02,2020-01-31,1580503976.0,,,,,,
811,ses-02,2020-01-31,1580503976.0,,,,,,
811,ses-02,2020-01-31,1580503458.0,42.180633544921875,2.6440367794308135,35.624828535788,0.2145966288048436,0.00650302,5.157154918172634
811,ses-02,2020-01-31,1580504685.0,,,,,,
811,ses-02,2020-01-31,1580504685.0,,,,,,
811,ses-02,2020-01-31,1580504685.0,,,,,,
811,ses-02,2020-01-31,1580504178.0,41.92512512207031,2.6509617795334326,35.845143727758185,0.22023149317352295,0.00598121,5.096683172312423
811,ses-02,2020-01-31,1580504938.0,39.94317626953125,2.6842017811165326,35.46619694639948,0.2186253560670915,0.00475522,5.053684425702847
811,ses-02,2020-01-31,1580505455.0,,,,,,
811,ses-02,2020-01-31,1580505455.0,,,,,,
811,ses-02,2020-01-31,1580505455.0,,,,,,
811,ses-02,2020-01-31,1580506062.0,,,,,,
811,ses-02,2020-01-31,1580506062.0,,,,,,
811,ses-02,2020-01-31,1580506062.0,,,,,,
811,ses-02,2020-01-31,1580505558.0,40.28394317626953,2.663666780197826,35.91101814284741,0.22686800362673754,0.0048227,5.086764953272874
811,ses-02,2020-01-31,1580506168.0,,,,,,
811,ses-02,2020-01-31,1580506168.0,,,,,,
811,ses-02,2020-01-31,1580506168.0,,,,,,
811,ses-02,2020-01-31,1580506168.0,50.886539459228516,2.6081151111618746,34.37253401,0.17334863877751683,0.00315563,5.122302332415634
811,ses-02,2020-01-31,1580506827.0,,,,,,
811,ses-02,2020-01-31,1580506827.0,,,,,,
811,ses-02,2020-01-31,1580506827.0,,,,,,
811,ses-02,2020-01-31,1580506298.0,41.83341979980469,2.659933446645048,35.67123172364444,0.21912216773048226,0.0062544,5.077010903765984
811,ses-02,2020-01-31,1580506298.0,41.41390609741211,2.6396717792092828,35.78527886728878,0.21429646472003616,0.00428031,5.118808343169029
811,ses-03,2020-02-04,1580850925.0,,,,,,
811,ses-03,2020-02-04,1580850925.0,,,,,,
811,ses-03,2020-02-04,1580850925.0,,,,,,
811,ses-03,2020-02-04,1580850404.0,37.248146057128906,2.497225106348203,35.63590920887075,0.19249471536658735,0.00791597,5.663112905046584
811,ses-03,2020-02-04,1580851562.0,,,,,,
811,ses-03,2020-02-04,1580851562.0,,,,,,
811,ses-03,2020-02-04,1580851562.0,,,,,,
811,ses-03,2020-02-04,1580851044.0,41.022369384765625,2.476515105553077,35.928568541190174,0.19118842971207808,0.00597451,5.653304223142448
811,ses-03,2020-02-04,1580852170.0,,,,,,
811,ses-03,2020-02-04,1580852170.0,,,,,,
811,ses-03,2020-02-04,1580852170.0,,,,,,
811,ses-03,2020-02-04,1580851647.0,38.675254821777344,2.4713601052762133,35.60925186946865,0.19471632692534335,0.00556051,5.653750307024737
811,ses-03,2020-02-04,1580852776.0,,,,,,
811,ses-03,2020-02-04,1580852776.0,,,,,,
811,ses-03,2020-02-04,1580852776.0,,,,,,
811,ses-03,2020-02-04,1580852263.0,43.055030822753906,2.4721534389029007,35.61820298521095,0.1926721901298852,0.00686112,5.595685299741515
811,ses-03,2020-02-04,1580853380.0,,,,,,
811,ses-03,2020-02-04,1580853380.0,,,,,,
811,ses-03,2020-02-04,1580853380.0,,,,,,
811,ses-03,2020-02-04,1580852864.0,41.532493591308594,2.4746934389385644,35.64080659210602,0.196555979319901,0.00659586,5.567651556411305
811,ses-04,2020-02-06,1581029018.0,,,,,,
811,ses-04,2020-02-06,1581029018.0,,,,,,
811,ses-04,2020-02-06,1581029018.0,,,,,,
811,ses-04,2020-02-06,1581028502.0,38.77988052368164,2.6017101103510525,33.15203332765669,0.21110753701776544,0.0103988,5.480797285279014
811,ses-04,2020-02-06,1581029675.0,,,,,,
811,ses-04,2020-02-06,1581029675.0,,,,,,
811,ses-04,2020-02-06,1581029675.0,,,,,,
811,ses-04,2020-02-06,1581029163.0,44.44755554199219,2.60862344472707,33.11568791400003,0.20000177662934426,0.00702832,5.38616408532582
811,ses-04,2020-02-06,1581030284.0,,,,,,
811,ses-04,2020-02-06,1581030284.0,,,,,,
811,ses-04,2020-02-06,1581030284.0,,,,,,
811,ses-04,2020-02-06,1581029778.0,41.071224212646484,2.6099501109993524,33.27267075363757,0.2053575184595988,0.00500751,5.382170496762074
811,ses-04,2020-02-06,1581030891.0,,,,,,
811,ses-04,2020-02-06,1581030891.0,,,,,,
811,ses-04,2020-02-06,1581030891.0,,,,,,
811,ses-04,2020-02-06,1581030382.0,44.51456832885742,2.6084451114442015,33.2690734317439,0.19661463932876164,0.00502011,5.328115860599269
811,ses-04,2020-02-06,1581031499.0,,,,,,
811,ses-04,2020-02-06,1581031499.0,,,,,,
811,ses-04,2020-02-06,1581031499.0,,,,,,
811,ses-04,2020-02-06,1581030983.0,42.4445915222168,2.628260112459865,33.35024460770067,0.1937848167750957,0.00428929,5.3217455515637395
811,ses-05,2020-02-18,1582048978.0,,,,,,
811,ses-05,2020-02-18,1582048978.0,,,,,,
811,ses-05,2020-02-18,1582048978.0,,,,,,
811,ses-05,2020-02-18,1582048474.0,43.44669723510742,2.5217884409569766,35.82790239638961,0.22212653135942426,0.00940397,5.529524707455732
811,ses-05,2020-02-18,1582049586.0,,,,,,
811,ses-05,2020-02-18,1582049586.0,,,,,,
811,ses-05,2020-02-18,1582049586.0,,,,,,
811,ses-05,2020-02-18,1582049083.0,45.56984329223633,2.5274967744960453,35.763517698979584,0.21324227478516974,0.00764381,5.428932560058456
811,ses-05,2020-02-18,1582050196.0,,,,,,
811,ses-05,2020-02-18,1582050196.0,,,,,,
811,ses-05,2020-02-18,1582050196.0,,,,,,
811,ses-05,2020-02-18,1582049674.0,41.56629180908203,2.5332334409600556,35.67200259012235,0.22779172816644827,0.00567773,5.445514450252
811,ses-05,2020-02-18,1582050800.0,,,,,,
811,ses-05,2020-02-18,1582050800.0,,,,,,
811,ses-05,2020-02-18,1582050800.0,,,,,,
811,ses-05,2020-02-18,1582050294.0,42.968475341796875,2.5283451079042814,35.24467042479509,0.20743131372288393,0.00536917,5.44244577325999
811,ses-05,2020-02-18,1582051412.0,,,,,,
811,ses-05,2020-02-18,1582051412.0,,,,,,
811,ses-05,2020-02-18,1582051412.0,,,,,,
811,ses-05,2020-02-18,1582050903.0,34.86684799194336,2.551710106841531,35.45772808889799,0.2558142477382003,0.00465187,5.4224162662182875
811,ses-06,2020-02-24,1582583473.0,,,,,,
811,ses-06,2020-02-24,1582583473.0,,,,,,
811,ses-06,2020-02-24,1582583473.0,,,,,,
811,ses-06,2020-02-24,1582582956.0,42.4175910949707,2.557636776077555,34.10224208961902,0.18961206390864047,0.00475739,5.528101685502286
811,ses-06,2020-02-24,1582584134.0,,,,,,
811,ses-06,2020-02-24,1582584134.0,,,,,,
811,ses-06,2020-02-24,1582584134.0,,,,,,
811,ses-06,2020-02-24,1582583619.0,41.90216827392578,2.5740801099169324,34.78547048248981,0.1906856419357141,0.00800867,5.418068009988679
811,ses-06,2020-02-24,1582584740.0,,,,,,
811,ses-06,2020-02-24,1582584740.0,,,,,,
811,ses-06,2020-02-24,1582584740.0,,,,,,
811,ses-06,2020-02-24,1582584218.0,45.39277648925781,2.558081775979903,34.49567937459123,0.18500205835618744,0.00639689,5.417258334299201
811,ses-06,2020-02-24,1582585360.0,,,,,,
811,ses-06,2020-02-24,1582585360.0,,,,,,
811,ses-06,2020-02-24,1582585360.0,,,,,,
811,ses-06,2020-02-24,1582584856.0,40.96659851074219,2.5626717760291764,34.45362649029892,0.19717513073109386,0.00565144,5.406360492856492
811,ses-06,2020-02-24,1582585990.0,,,,,,
811,ses-06,2020-02-24,1582585990.0,,,,,,
811,ses-06,2020-02-24,1582585990.0,,,,,,
811,ses-06,2020-02-24,1582585479.0,45.599666595458984,2.558486776081827,33.460811918522744,0.19345156300848998,0.0028002,5.335039593766983
811,ses-06,2020-02-24,1582585479.0,38.30763626098633,2.577875109994418,33.908441271996935,0.2083984061110168,0.00381076,5.4007454345479955
811,ses-07,2020-02-25,1582663906.0,,,,,,
811,ses-07,2020-02-25,1582663906.0,,,,,,
811,ses-07,2020-02-25,1582663906.0,,,,,,
811,ses-07,2020-02-25,1582663397.0,44.85224151611328,2.5296001081263086,32.38402248689374,0.18260666505087872,0.00710402,5.5878314758084855
811,ses-07,2020-02-25,1582664538.0,,,,,,
811,ses-07,2020-02-25,1582664538.0,,,,,,
811,ses-07,2020-02-25,1582664538.0,,,,,,
811,ses-07,2020-02-25,1582664028.0,45.819149017333984,2.547605108872857,32.48622074517005,0.17654971635700734,0.00884964,5.535637569065493
811,ses-07,2020-02-25,1582665178.0,,,,,,
811,ses-07,2020-02-25,1582665178.0,,,,,,
811,ses-07,2020-02-25,1582665178.0,,,,,,
811,ses-07,2020-02-25,1582664657.0,44.163238525390625,2.5461151088740492,32.68280721244564,0.18077567173655848,0.00796439,5.50150083436259
811,ses-07,2020-02-25,1582665798.0,,,,,,
811,ses-07,2020-02-25,1582665798.0,,,,,,
811,ses-07,2020-02-25,1582665798.0,,,,,,
811,ses-07,2020-02-25,1582665277.0,40.76255798339844,2.5884334439723755,33.08493285738417,0.18855819534371288,0.00760161,5.473580745822249
811,ses-07,2020-02-25,1582666404.0,,,,,,
811,ses-07,2020-02-25,1582666404.0,,,,,,
811,ses-07,2020-02-25,1582666404.0,,,,,,
811,ses-07,2020-02-25,1582665888.0,43.40765380859375,2.5599467760918606,32.77981001398098,0.18388495258864485,0.00807951,5.488934462068618
811,ses-08,2020-02-28,1582913490.0,,,,,,
811,ses-08,2020-02-28,1582913490.0,,,,,,
811,ses-08,2020-02-28,1582913490.0,,,,,,
811,ses-08,2020-02-28,1582912976.0,41.92230224609375,2.5205851076406307,34.12514246987756,0.17160346675554874,0.0075913,5.833921351127271
811,ses-08,2020-02-28,1582914100.0,,,,,,
811,ses-08,2020-02-28,1582914100.0,,,,,,
811,ses-08,2020-02-28,1582914100.0,,,,,,
811,ses-08,2020-02-28,1582913593.0,40.490028381347656,2.5062351069707733,33.910637738940224,0.1753257814788186,0.00804398,5.8899125458550685
811,ses-08,2020-02-28,1582914706.0,,,,,,
811,ses-08,2020-02-28,1582914706.0,,,,,,
811,ses-08,2020-02-28,1582914706.0,,,,,,
811,ses-08,2020-02-28,1582914193.0,39.047637939453125,2.528976774885363,34.103684797700694,0.17652860545810195,0.00698466,5.8515515294393134
811,ses-08,2020-02-28,1582914836.0,42.651878356933594,2.5329067748171155,34.09848255507485,0.17367089905421704,0.00618039,5.742461707611551
811,ses-08,2020-02-28,1582915358.0,,,,,,
811,ses-08,2020-02-28,1582915358.0,,,,,,
811,ses-08,2020-02-28,1582915358.0,,,,,,
811,ses-08,2020-02-28,1582916009.0,,,,,,
811,ses-08,2020-02-28,1582916009.0,,,,,,
811,ses-08,2020-02-28,1582916009.0,,,,,,
811,ses-08,2020-02-28,1582915493.0,43.97100830078125,2.5211101078355376,34.43487360157824,0.1693635406440035,0.00764421,5.740300320327791
811,ses-09,2020-03-03,1583259638.0,,,,,,
811,ses-09,2020-03-03,1583259638.0,,,,,,
811,ses-09,2020-03-03,1583259638.0,,,,,,
811,ses-09,2020-03-03,1583259127.0,39.972537994384766,2.5875501107614305,33.719987757591845,0.17428866836863396,0.00929275,5.767349800316833
811,ses-09,2020-03-03,1583260264.0,,,,,,
811,ses-09,2020-03-03,1583260264.0,,,,,,
811,ses-09,2020-03-03,1583260264.0,,,,,,
811,ses-09,2020-03-03,1583259742.0,42.845680236816406,2.5700317764312093,34.31859216513628,0.17717717446842948,0.00886716,5.710101727808016
811,ses-09,2020-03-03,1583260871.0,,,,,,
811,ses-09,2020-03-03,1583260871.0,,,,,,
811,ses-09,2020-03-03,1583260871.0,,,,,,
811,ses-09,2020-03-03,1583260351.0,39.494171142578125,2.5694267762728598,34.28440765453678,0.17896554514368468,0.00589361,5.69508847263727
811,ses-09,2020-03-03,1583261484.0,,,,,,
811,ses-09,2020-03-03,1583261484.0,,,,,,
811,ses-09,2020-03-03,1583261484.0,,,,,,
811,ses-09,2020-03-03,1583260967.0,43.16107177734375,2.5484634419788983,34.7973890383016,0.1828381106951056,0.0113493,5.589051759765461
811,ses-09,2020-03-03,1583262115.0,,,,,,
811,ses-09,2020-03-03,1583262115.0,,,,,,
811,ses-09,2020-03-03,1583262115.0,,,,,,
811,ses-09,2020-03-03,1583261602.0,44.49323654174805,2.554328442669617,34.06300744806803,0.17796767996406065,0.00726723,5.657843137055285
811,ses-10,2020-03-06,1583525809.0,,,,,,
811,ses-10,2020-03-06,1583525809.0,,,,,,
811,ses-10,2020-03-06,1583525809.0,,,,,,
811,ses-10,2020-03-06,1583525287.0,43.56739807128906,2.5743401100929644,36.26107908997276,0.1978862720662164,0.007951,5.405515791114293
811,ses-10,2020-03-06,1583526421.0,,,,,,
811,ses-10,2020-03-06,1583526421.0,,,,,,
811,ses-10,2020-03-06,1583526421.0,,,,,,
811,ses-10,2020-03-06,1583525905.0,42.16197204589844,2.574848443333116,36.09182630649861,0.2096517890315385,0.00617616,5.3771679911947805
811,ses-10,2020-03-06,1583527075.0,,,,,,
811,ses-10,2020-03-06,1583527075.0,,,,,,
811,ses-10,2020-03-06,1583527075.0,,,,,,
811,ses-10,2020-03-06,1583526565.0,42.696807861328125,2.5838801104452283,35.97863398951021,0.18961608218881865,0.00392566,5.348706762553332
811,ses-10,2020-03-06,1583527692.0,,,,,,
811,ses-10,2020-03-06,1583527692.0,,,,,,
811,ses-10,2020-03-06,1583527692.0,,,,,,
811,ses-10,2020-03-06,1583527187.0,40.83710479736328,2.5976634443696405,36.16562034971429,0.1912594714019642,0.00477957,5.3121862282963
811,ses-10,2020-03-06,1583528336.0,,,,,,
811,ses-10,2020-03-06,1583528336.0,,,,,,
811,ses-10,2020-03-06,1583528336.0,,,,,,
811,ses-10,2020-03-06,1583527825.0,42.85282516479492,2.5818784436265694,36.001135191619056,0.18747521308544332,0.0048223,5.295202147288839
test,ses-02,2020-02-04,1580832320.0,129.4967498779297,7.39332,12.290140534,0.015488698322915566,5.31362e-05,8.707503324943358
test,ses-02,2020-02-04,1580832370.0,126.31888580322266,7.3727583333333335,12.320440491666666,0.01604668900912701,0.000177764,8.73476414364278
test,ses-02,2020-02-04,1580832444.0,111.51686096191406,6.9691,12.638663599986424,0.028478027231317888,0.0505006,8.696593455241342
20.09.24-11:19:48-DST-1.3.12.2.1107.5.2.43.166114,ses-02,2020-09-24,1600961301.0,128.27328491210938,6.943220314445315,11.841655112962966,0.012125453043041771,0.000553856,8.72190392842273
860,ses-02,2020-10-20,1603232936.0,41.56142807006836,2.689155,32.89004920093749,0.06569460051552833,0.00596695,5.10653380018151
860,ses-02,2020-10-20,1603233556.0,45.11568832397461,2.6745466666666666,32.28135653429347,0.0615251822013295,0.00312737,5.104698158050739
860,ses-02,2020-10-20,1603234156.0,43.91731643676758,2.6732033333333334,31.91153497809781,0.0618989016270868,0.00466889,5.108859843181185
860,ses-02,2020-10-20,1603234756.0,44.48520278930664,2.6737683333333333,31.460580771331557,0.059934103068739156,0.00530028,5.1006362121615085
860,ses-02,2020-10-20,1603235376.0,39.37435531616211,2.675143333333333,32.56849863744216,0.09705652300509893,0.0068307,5.14673866408731
860,ses-03,2020-10-21,1603317876.0,49.79093933105469,2.469845,28.541523915312496,0.06793195656743149,0.00715174,6.655536613624436
860,ses-03,2020-10-21,1603318496.0,50.16707992553711,2.4677166666666666,28.362308756489767,0.05847666873300673,0.0041271,6.6084536559637295
860,ses-03,2020-10-21,1603319096.0,50.023624420166016,2.4683316666666664,28.075676962187462,0.057131524124297915,0.00455742,6.606811825262785
860,ses-03,2020-10-21,1603319756.0,49.864418029785156,2.460855,28.15503047332879,0.053579504736124224,0.00361205,6.591170064895538
860,ses-03,2020-10-21,1603320396.0,50.007049560546875,2.4575066666666667,28.221154671047596,0.05595152203140403,0.00317605,6.599000622013074
860,ses-04,2020-10-22,1603404365.0,47.17043685913086,2.5078600000000004,28.70004502349186,0.07726754630083561,0.0134504,6.8749669641272355
860,ses-04,2020-10-22,1603405005.0,47.89802551269531,2.489233333333333,28.48588949978232,0.05863789119989395,0.00332533,6.847271055275388
860,ses-04,2020-10-22,1603405625.0,49.63271713256836,2.4964683333333335,28.397781429239107,0.058626757047247846,0.00444275,6.797877764626822
860,ses-04,2020-10-22,1603406225.0,49.15168762207031,2.4986316666666664,28.414292774287706,0.05606108627406978,0.0070185,6.780652892335742
860,ses-04,2020-10-22,1603406885.0,43.478145599365234,2.482366666666667,28.777792042062845,0.06431025200796102,0.00782006,6.738303627795258
860,ses-05,2020-10-27,1603836138.0,45.14698791503906,2.4774066666666665,29.25059893882993,0.09198339514391365,0.00883825,6.603700833685584
860,ses-05,2020-10-27,1603836758.0,45.78693771362305,2.4799583333333337,28.343869513175044,0.07126084912442572,0.00530685,6.5731900196868756
860,ses-05,2020-10-27,1603837378.0,48.42375564575195,2.471833333333333,28.33731950238804,0.05892300758259142,0.00464775,6.502716274698272
860,ses-05,2020-10-27,1603837978.0,49.077171325683594,2.469116666666667,28.554605377646276,0.05727348691374879,0.00607155,6.455167859018147
860,ses-05,2020-10-27,1603838618.0,50.72795486450195,2.4595416666666665,28.60973089400814,0.05741146552260358,0.00421237,6.450794784154041
860,ses-06,2020-11-04,1604530948.0,49.554054260253906,2.480325,28.698120047160327,0.05693089120504963,0.00455058,6.808110834588559
860,ses-06,2020-11-04,1604531549.0,50.32141876220703,2.47024,28.37015187009524,0.053273248712282936,0.00338343,6.833702265175191
860,ses-06,2020-11-04,1604532175.0,50.74839401245117,2.48733,28.245199187714295,0.047795499036628414,0.00344631,6.794844268374502
860,ses-06,2020-11-04,1604532788.0,47.538124084472656,2.4983833333333334,28.982723414654007,0.067265575757142,0.0220699,6.809448001248543
860,ses-06,2020-11-04,1604533409.0,47.34138488769531,2.5001316666666664,28.85884935970109,0.0742511228745928,0.00888968,6.797168255910799
860,ses-07,2020-11-05,1604613395.0,46.32572937011719,2.5306900000000003,28.596730760326537,0.07737065794323163,0.0044819,6.729109101314447
860,ses-07,2020-11-05,1604614000.0,47.799835205078125,2.5125333333333333,28.46695485210167,0.0727764877640389,0.00303558,6.726511110505857
860,ses-07,2020-11-05,1604614600.0,49.404815673828125,2.509938333333334,28.92472288161907,0.07553686649591965,0.00409845,6.693278311408572
860,ses-07,2020-11-05,1604615215.0,50.654388427734375,2.485755,29.056697089769333,0.07051608583027225,0.00472966,6.707404353694895
860,ses-07,2020-11-05,1604615840.0,50.814537048339844,2.4834483333333335,28.650864711666678,0.06290043052482173,0.00541099,6.672612530244363
860,ses-07,2020-11-05,1604615840.0,50.788352966308594,2.4836716666666665,28.859123607500013,0.06801092391296086,0.00282055,6.662323082719842
