trial,m_image,f_image,p_id_solution,iti
0,m4~43-v1.tif,f5~59-v1.tif,102,1.3310055640966327
1,m2~26-v1.tif,f5~58-v1.tif,102,1.4720750962520825
2,m1~18-v1.tif,f3~33-v1.tif,102,1.2413566757473515
3,m5~52-v1.tif,f3~36-v1.tif,102,1.1824399074985714
4,m2~26-v1.tif,f1~16-v1.tif,102,1.4664445415582055
5,m2~26-v1.tif,f5~51-v1.tif,102,1.318224468715038
6,m1~18-v1.tif,f5~54-v1.tif,102,1.1251690977550557
7,m3~35-v1.tif,f2~21-v1.tif,102,1.2839919292514481
8,m1~15-v1.tif,f5~59-v1.tif,102,1.123373222240399
9,m2~28-v1.tif,f2~26-v1.tif,102,1.3176623053232603
10,m1~19-v1.tif,f5~54-v1.tif,102,1.373351157674779
11,m1~19-v1.tif,f5~54-v1.tif,102,1.2630517138028088
12,m1~18-v1.tif,f4~43-v1.tif,102,1.4837086208785562
13,m4~48-v1.tif,f5~59-v1.tif,102,1.1675287456600736
14,m3~34-v1.tif,f3~31-v1.tif,102,1.4493213452035896
15,m1~17-v1.tif,f4~46-v1.tif,102,1.2290824040311845
16,m5~52-v1.tif,f5~54-v1.tif,102,1.3635879847051535
17,m1~19-v1.tif,f4~45-v1.tif,102,1.009471997384518
18,m3~36-v1.tif,f2~21-v1.tif,102,1.232461885997983
19,m1~15-v1.tif,f3~33-v1.tif,102,1.2388359158750037
20,m2~27-v1.tif,f3~35-v1.tif,102,1.1384824658447141
21,m4~42-v1.tif,f3~36-v1.tif,102,1.4972948095424292
22,m4~42-v1.tif,f1~16-v1.tif,102,1.2899258869663954
23,m2~27-v1.tif,f3~35-v1.tif,102,1.262742693531109
24,m2~27-v1.tif,f5~54-v1.tif,102,1.41819087753817
25,m3~35-v1.tif,f3~31-v1.tif,102,1.216547584120418
26,m2~24-v1.tif,f5~51-v1.tif,102,1.1978383075314907
27,m5~53-v1.tif,f4~45-v1.tif,102,1.485724020480434
28,m3~34-v1.tif,f4~46-v1.tif,102,1.0881956673941835
29,m3~36-v1.tif,f5~59-v1.tif,102,1.021028183621934
30,m2~28-v1.tif,f5~54-v1.tif,102,1.43342215228377
31,m4~42-v1.tif,f2~21-v1.tif,102,1.4964003736097038
32,m4~42-v1.tif,f5~59-v1.tif,102,1.2175393573611402
33,m2~26-v1.tif,f4~46-v1.tif,102,1.1006362495884332
34,m4~410-v1.tif,f4~45-v1.tif,102,1.416972488295225
35,m4~47-v1.tif,f5~54-v1.tif,102,1.1373572289661291
36,m5~52-v1.tif,f3~36-v1.tif,102,1.3520262143506767
37,m5~52-v1.tif,f3~35-v1.tif,102,1.0489535353629051
38,m2~28-v1.tif,f3~33-v1.tif,102,1.2872084389107024
39,m4~410-v1.tif,f4~45-v1.tif,102,1.0518423795509908
40,m4~47-v1.tif,f2~22-v1.tif,102,1.0378290801901804
41,m1~17-v1.tif,f3~37-v1.tif,102,1.1366708652000406
42,m4~42-v1.tif,f3~36-v1.tif,102,1.4538650877323078
43,m1~15-v1.tif,f5~54-v1.tif,102,1.3265330948174832
44,m2~24-v1.tif,f2~21-v1.tif,102,1.3406878917166325
45,m2~24-v1.tif,f3~31-v1.tif,102,1.1543620966961887
46,m5~52-v1.tif,f2~21-v1.tif,102,1.236646990483203
47,m2~29-v1.tif,f3~31-v1.tif,102,1.3297275956499737
48,m1~15-v1.tif,f4~43-v1.tif,102,1.0892756666211614
49,m2~28-v1.tif,f1~12-v1.tif,102,1.2588150721112592
50,m2~29-v1.tif,f2~26-v1.tif,102,1.3286863162523717
51,m5~52-v1.tif,f5~54-v1.tif,102,1.2930604327337842
52,m1~15-v1.tif,f4~46-v1.tif,102,1.1936129266328086
53,m3~34-v1.tif,f3~37-v1.tif,102,1.1579160327598865
54,m4~410-v1.tif,f5~56-v1.tif,102,1.1036810550743938
55,m2~28-v1.tif,f5~54-v1.tif,102,1.4654386410909896
56,m1~18-v1.tif,f3~36-v1.tif,102,1.2728760406548678
57,m2~28-v1.tif,f2~22-v1.tif,102,1.4581977157827586
58,m4~43-v1.tif,f3~31-v1.tif,102,1.401227326713986
59,m3~35-v1.tif,f3~35-v1.tif,102,1.3436434381591797
60,m1~17-v1.tif,f1~11-v1.tif,102,1.4491446861494177
61,m2~27-v1.tif,f5~59-v1.tif,102,1.4366872890969382
62,m2~24-v1.tif,f1~11-v1.tif,102,1.2679191610985905
63,m1~17-v1.tif,f5~58-v1.tif,102,1.4945607226165454
64,m3~36-v1.tif,f3~36-v1.tif,102,1.2066003480211003
65,m1~19-v1.tif,f5~54-v1.tif,102,1.4856572113901085
66,m5~53-v1.tif,f5~56-v1.tif,102,1.249880625303394
67,m2~29-v1.tif,f5~51-v1.tif,102,1.1556729311785943
68,m2~29-v1.tif,f5~59-v1.tif,102,1.219586667241647
69,m1~15-v1.tif,f1~12-v1.tif,102,1.0694791133629282
70,m3~34-v1.tif,f3~31-v1.tif,102,1.2915229217185715
71,m2~28-v1.tif,f3~36-v1.tif,102,1.3993048123566727
72,m1~19-v1.tif,f4~46-v1.tif,102,1.0163289356764063
73,m5~53-v1.tif,f3~33-v1.tif,102,1.3339992552200992
74,m3~35-v1.tif,f2~22-v1.tif,102,1.1810900250840026
75,m2~26-v1.tif,f3~31-v1.tif,102,1.4590099662386005
76,m2~28-v1.tif,f5~56-v1.tif,102,1.2877053849566806
77,m4~410-v1.tif,f4~43-v1.tif,102,1.304456700939346
78,m4~42-v1.tif,f3~33-v1.tif,102,1.3299762566943705
79,m1~18-v1.tif,f3~33-v1.tif,102,1.1624233973125402
80,m1~17-v1.tif,f5~58-v1.tif,102,1.1889574417416224
81,m5~53-v1.tif,f5~56-v1.tif,102,1.2503814828597535
82,m4~48-v1.tif,f3~36-v1.tif,102,1.024616988696797
83,m2~28-v1.tif,f3~35-v1.tif,102,1.4399609533103765
84,m2~27-v1.tif,f3~37-v1.tif,102,1.1107431263431897
85,m1~17-v1.tif,f2~21-v1.tif,102,1.192054156626359
86,m4~47-v1.tif,f4~46-v1.tif,102,1.2585329808180337
87,m4~47-v1.tif,f3~33-v1.tif,102,1.1860061711729664
88,m5~52-v1.tif,f3~33-v1.tif,102,1.1818017298633965
89,m5~52-v1.tif,f4~45-v1.tif,102,1.4565954265707344
90,m5~51-v1.tif,f4~43-v1.tif,102,1.4312570610481885
91,m3~35-v1.tif,f5~54-v1.tif,102,1.1044469836310036
92,m3~36-v1.tif,f5~56-v1.tif,102,1.428993939104191
93,m4~42-v1.tif,f2~22-v1.tif,102,1.4234126537611245
94,m5~53-v1.tif,f5~54-v1.tif,102,1.4804691357936757
95,m4~410-v1.tif,f2~21-v1.tif,102,1.3175900692648799
96,m2~24-v1.tif,f1~11-v1.tif,102,1.0891025195892745
97,m3~35-v1.tif,f3~36-v1.tif,102,1.4373052143323506
98,m2~24-v1.tif,f2~21-v1.tif,102,1.2442954097765435
99,m4~42-v1.tif,f3~31-v1.tif,102,1.0653095926447265
100,m5~52-v1.tif,f2~22-v1.tif,102,1.481575848245659
101,m2~24-v1.tif,f2~22-v1.tif,102,1.1130836498644714
102,m1~12-v1.tif,f5~59-v1.tif,102,1.3584001902905833
103,m3~35-v1.tif,f5~59-v1.tif,102,1.0789245645830374
104,m1~15-v1.tif,f3~33-v1.tif,102,1.019445478627801
105,m1~12-v1.tif,f1~11-v1.tif,102,1.090623294035467
106,m2~27-v1.tif,f1~16-v1.tif,102,1.0245118765061405
107,m2~24-v1.tif,f5~54-v1.tif,102,1.0029747737144667
108,m5~53-v1.tif,f5~54-v1.tif,102,1.384073604115348
109,m2~28-v1.tif,f5~59-v1.tif,102,1.1582376401630314
110,m4~410-v1.tif,f3~36-v1.tif,102,1.3194938793475464
111,m3~34-v1.tif,f4~43-v1.tif,102,1.473099253995878
112,m2~26-v1.tif,f5~51-v1.tif,102,1.3540748677839942
113,m5~51-v1.tif,f2~22-v1.tif,102,1.1080579904574495
114,m2~24-v1.tif,f5~56-v1.tif,102,1.1432159595298363
115,m5~52-v1.tif,f1~11-v1.tif,102,1.0782068738666517
116,m1~19-v1.tif,f3~36-v1.tif,102,1.3219819673731164
117,m1~17-v1.tif,f3~37-v1.tif,102,1.114933877543782
118,m2~29-v1.tif,f2~21-v1.tif,102,1.3221772523343034
119,m1~15-v1.tif,f3~36-v1.tif,102,1.0521201968521656
120,m3~35-v1.tif,f2~22-v1.tif,102,1.3518701076541213
121,m4~43-v1.tif,f5~58-v1.tif,102,1.1169899275054274
122,m5~51-v1.tif,f3~36-v1.tif,102,1.3997912562643755
123,m1~12-v1.tif,f5~58-v1.tif,102,1.0695865947811567
124,m1~18-v1.tif,f5~58-v1.tif,102,1.0471429380723487
125,m4~47-v1.tif,f1~16-v1.tif,102,1.232700215465858
126,m1~12-v1.tif,f2~21-v1.tif,102,1.091607563203758
127,m4~42-v1.tif,f5~54-v1.tif,102,1.162557574924101
128,m3~34-v1.tif,f4~43-v1.tif,102,1.2583698421002525
129,m2~28-v1.tif,f1~16-v1.tif,102,1.3552489623885304
130,m5~53-v1.tif,f4~45-v1.tif,102,1.057569516760355
131,m1~12-v1.tif,f5~58-v1.tif,102,1.414568188869631
132,m4~47-v1.tif,f1~11-v1.tif,102,1.184404995400502
133,m4~42-v1.tif,f3~31-v1.tif,102,1.430223065603792
134,m2~27-v1.tif,f3~31-v1.tif,102,1.4264038738058347
135,m3~35-v1.tif,f5~51-v1.tif,102,1.1958467410651008
136,m1~18-v1.tif,f4~46-v1.tif,102,1.2363924450727106
137,m5~53-v1.tif,f4~45-v1.tif,102,1.465311518362058
138,m3~34-v1.tif,f3~33-v1.tif,102,1.442479197700454
139,m3~34-v1.tif,f5~58-v1.tif,102,1.2651836617338583
140,m5~52-v1.tif,f2~22-v1.tif,102,1.3301871781786403
141,m2~26-v1.tif,f5~59-v1.tif,102,1.3621478948965549
142,m2~29-v1.tif,f4~45-v1.tif,102,1.4268400541531965
143,m5~53-v1.tif,f5~51-v1.tif,102,1.2841467234133324
144,m1~15-v1.tif,f4~45-v1.tif,102,1.1413806104034758
145,m2~29-v1.tif,f4~43-v1.tif,102,1.3506393258893383
146,m1~12-v1.tif,f3~36-v1.tif,102,1.1811703129722855
147,m3~35-v1.tif,f4~46-v1.tif,102,1.0277084624094261
148,m1~15-v1.tif,f5~54-v1.tif,102,1.1512674503663427
149,m4~42-v1.tif,f5~56-v1.tif,102,1.055867216856549
150,m2~29-v1.tif,f4~45-v1.tif,102,1.0350084996199551
151,m5~51-v1.tif,f5~59-v1.tif,102,1.484545842591952
152,m1~19-v1.tif,f4~46-v1.tif,102,1.3729094344696382
153,m5~53-v1.tif,f1~11-v1.tif,102,1.491279410836475
154,m2~26-v1.tif,f1~11-v1.tif,102,1.2450301522083098
155,m2~28-v1.tif,f3~36-v1.tif,102,1.4568133101349212
156,m1~12-v1.tif,f3~31-v1.tif,102,1.2967206854161244
157,m4~410-v1.tif,f3~33-v1.tif,102,1.1616750912945166
158,m4~410-v1.tif,f5~51-v1.tif,102,1.4909812914123166
159,m2~24-v1.tif,f3~31-v1.tif,102,1.4948140498096734
160,m2~29-v1.tif,f3~36-v1.tif,102,1.1152254103429966
161,m3~34-v1.tif,f5~59-v1.tif,102,1.188670477669655
162,m4~410-v1.tif,f4~43-v1.tif,102,1.1061099372541259
163,m4~42-v1.tif,f3~36-v1.tif,102,1.2578274183813456
164,m1~12-v1.tif,f1~12-v1.tif,102,1.449338871791193
165,m3~35-v1.tif,f4~43-v1.tif,102,1.1941019024046764
166,m2~24-v1.tif,f3~37-v1.tif,102,1.379640634163182
167,m2~28-v1.tif,f2~21-v1.tif,102,1.2984353666545254
168,m4~47-v1.tif,f3~35-v1.tif,102,1.2264189239714611
169,m2~29-v1.tif,f5~59-v1.tif,102,1.1463142780091102
170,m1~12-v1.tif,f5~58-v1.tif,102,1.1971859007416377
171,m4~43-v1.tif,f1~16-v1.tif,102,1.0390291134029057
172,m1~17-v1.tif,f2~21-v1.tif,102,1.069957475538652
173,m3~34-v1.tif,f3~31-v1.tif,102,1.3651498352037206
174,m1~12-v1.tif,f5~56-v1.tif,102,1.2218879818675148
175,m2~26-v1.tif,f3~37-v1.tif,102,1.2369417481182559
176,m3~36-v1.tif,f5~54-v1.tif,102,1.4977802340636615
177,m3~34-v1.tif,f5~59-v1.tif,102,1.1746849679528304
178,m5~52-v1.tif,f4~43-v1.tif,102,1.3920469050560926
179,m4~43-v1.tif,f5~54-v1.tif,102,1.1657331435780667
180,m3~34-v1.tif,f4~45-v1.tif,102,1.0872392571110328
181,m2~26-v1.tif,f3~37-v1.tif,102,1.4499305899750197
182,m5~51-v1.tif,f4~46-v1.tif,102,1.2542452186732733
183,m2~29-v1.tif,f2~26-v1.tif,102,1.0582564032177104
184,m1~12-v1.tif,f1~12-v1.tif,102,1.3054116509119738
185,m3~34-v1.tif,f3~33-v1.tif,102,1.4068846082658912
186,m1~15-v1.tif,f2~26-v1.tif,102,1.0829102387923368
187,m5~53-v1.tif,f3~37-v1.tif,102,1.1266860257744153
188,m1~12-v1.tif,f1~11-v1.tif,102,1.3664297515212551
189,m5~53-v1.tif,f4~43-v1.tif,102,1.4088802430912395
190,m2~26-v1.tif,f5~56-v1.tif,102,1.3334711607532588
191,m4~42-v1.tif,f3~37-v1.tif,102,1.2611132230523034
192,m3~36-v1.tif,f3~37-v1.tif,102,1.0851764125327183
193,m2~26-v1.tif,f4~46-v1.tif,102,1.2930901819647538
194,m5~52-v1.tif,f3~33-v1.tif,102,1.1317600320832275
195,m2~26-v1.tif,f3~33-v1.tif,102,1.0998590433511186
196,m2~26-v1.tif,f5~58-v1.tif,102,1.4081394626992023
197,m2~29-v1.tif,f3~33-v1.tif,102,1.192650235212447
198,m5~53-v1.tif,f5~59-v1.tif,102,1.4634131070286245
199,m2~24-v1.tif,f5~56-v1.tif,102,1.188934113479326
200,m4~47-v1.tif,f1~11-v1.tif,102,1.2492644814096332
201,m2~26-v1.tif,f5~54-v1.tif,102,1.4477139265392998
202,m1~12-v1.tif,f1~12-v1.tif,102,1.3225702722809245
203,m4~410-v1.tif,f3~36-v1.tif,102,1.2173347855835779
204,m4~48-v1.tif,f2~22-v1.tif,102,1.2227623813194566
205,m4~410-v1.tif,f1~16-v1.tif,102,1.3856815923856058
206,m1~12-v1.tif,f5~59-v1.tif,102,1.149544355568525
207,m4~47-v1.tif,f4~45-v1.tif,102,1.445358848418742
208,m4~47-v1.tif,f1~16-v1.tif,102,1.177722458088457
209,m2~27-v1.tif,f1~16-v1.tif,102,1.4429157040236404
210,m4~47-v1.tif,f3~37-v1.tif,102,1.3105219670101398
211,m3~36-v1.tif,f3~35-v1.tif,102,1.3474236757858367
212,m4~47-v1.tif,f4~46-v1.tif,102,1.0138452534222107
213,m2~29-v1.tif,f5~58-v1.tif,102,1.2349868076949604
214,m1~18-v1.tif,f5~51-v1.tif,102,1.0267326823268954
215,m4~410-v1.tif,f1~11-v1.tif,102,1.2139899803395517
216,m2~24-v1.tif,f4~46-v1.tif,102,1.4481156528809516
217,m1~19-v1.tif,f4~45-v1.tif,102,1.021125731855585
218,m1~12-v1.tif,f2~26-v1.tif,102,1.322476278712689
219,m2~24-v1.tif,f5~56-v1.tif,102,1.4608395172969488
220,m3~34-v1.tif,f3~31-v1.tif,102,1.1090278190571563
221,m4~48-v1.tif,f1~11-v1.tif,102,1.0821140974328163
222,m5~53-v1.tif,f4~46-v1.tif,102,1.2139073687470685
223,m3~35-v1.tif,f2~26-v1.tif,102,1.2474238445897077
224,m1~18-v1.tif,f1~11-v1.tif,102,1.3293917962218542
225,m4~410-v1.tif,f1~11-v1.tif,102,1.4724740847548956
226,m5~52-v1.tif,f3~35-v1.tif,102,1.4035146753169447
227,m5~51-v1.tif,f5~54-v1.tif,102,1.1078142907497903
228,m4~48-v1.tif,f3~36-v1.tif,102,1.2329736303387597
229,m5~51-v1.tif,f3~35-v1.tif,102,1.3185912859283133
230,m1~12-v1.tif,f3~31-v1.tif,102,1.3871221876266082
231,m5~52-v1.tif,f5~58-v1.tif,102,1.0344044825016852
232,m5~53-v1.tif,f2~26-v1.tif,102,1.0140632169041575
233,m4~43-v1.tif,f3~37-v1.tif,102,1.4669630362740178
234,m3~35-v1.tif,f5~58-v1.tif,102,1.2169712229890488
235,m4~43-v1.tif,f1~12-v1.tif,102,1.344262901450315
236,m2~27-v1.tif,f3~36-v1.tif,102,1.4987642291694685
237,m1~17-v1.tif,f3~36-v1.tif,102,1.414920247390078
238,m2~28-v1.tif,f3~35-v1.tif,102,1.329735706910933
239,m4~410-v1.tif,f2~22-v1.tif,102,1.0450311082727386
240,m1~15-v1.tif,f1~12-v1.tif,102,1.4637476970547838
241,m2~28-v1.tif,f3~31-v1.tif,102,1.431086056180049
242,m1~18-v1.tif,f1~16-v1.tif,102,1.2308909964334185
243,m1~18-v1.tif,f1~16-v1.tif,102,1.4279034686272616
244,m4~48-v1.tif,f4~46-v1.tif,102,1.3365774318401233
245,m1~17-v1.tif,f4~45-v1.tif,102,1.3352466478341865
246,m5~51-v1.tif,f2~22-v1.tif,102,1.366696376478572
247,m1~12-v1.tif,f2~26-v1.tif,102,1.2013245336220195
248,m1~17-v1.tif,f3~33-v1.tif,102,1.3823051885851279
249,m1~15-v1.tif,f1~11-v1.tif,102,1.3818865092938837
250,m1~12-v1.tif,f2~21-v1.tif,102,1.1298962344500185
251,m3~35-v1.tif,f5~54-v1.tif,102,1.0885635158977869
252,m1~12-v1.tif,f3~35-v1.tif,102,1.4156029323572168
253,m1~15-v1.tif,f5~51-v1.tif,102,1.170503932077212
254,m5~53-v1.tif,f5~58-v1.tif,102,1.1179071791625268
255,m2~24-v1.tif,f4~43-v1.tif,102,1.1607854718089077
256,m3~36-v1.tif,f3~33-v1.tif,102,1.0056201444618484
257,m4~43-v1.tif,f2~21-v1.tif,102,1.481470076575397
258,m2~27-v1.tif,f2~22-v1.tif,102,1.2127263485318571
259,m4~48-v1.tif,f3~36-v1.tif,102,1.0270688833071644
260,m4~47-v1.tif,f5~58-v1.tif,102,1.36930737051474
261,m3~34-v1.tif,f3~35-v1.tif,102,1.1243883680768592
262,m1~15-v1.tif,f4~43-v1.tif,102,1.2206893204332236
263,m4~47-v1.tif,f2~22-v1.tif,102,1.2775616059851196
264,m4~42-v1.tif,f3~33-v1.tif,102,1.239984608512327
265,m4~48-v1.tif,f3~33-v1.tif,102,1.2124009655156212
266,m2~29-v1.tif,f1~11-v1.tif,102,1.0088791696742998
267,m4~42-v1.tif,f2~21-v1.tif,102,1.1812122398040468
268,m2~24-v1.tif,f2~26-v1.tif,102,1.0934393131848803
269,m2~29-v1.tif,f1~16-v1.tif,102,1.3342424027939939
270,m4~47-v1.tif,f3~33-v1.tif,102,1.1832326655778864
271,m3~36-v1.tif,f5~59-v1.tif,102,1.1826216837100327
272,m4~42-v1.tif,f3~31-v1.tif,102,1.3141655298036903
273,m4~43-v1.tif,f5~58-v1.tif,102,1.3954436897954283
274,m1~19-v1.tif,f5~59-v1.tif,102,1.4262622625343138
275,m2~29-v1.tif,f5~59-v1.tif,102,1.354353879653657
276,m5~52-v1.tif,f3~31-v1.tif,102,1.244374177284234
277,m2~28-v1.tif,f2~26-v1.tif,102,1.3861340042631847
278,m2~24-v1.tif,f3~33-v1.tif,102,1.2655126638695442
279,m3~35-v1.tif,f5~51-v1.tif,102,1.1484283079172282
280,m1~19-v1.tif,f1~12-v1.tif,102,1.3410525366315393
281,m3~35-v1.tif,f5~56-v1.tif,102,1.0766357374550413
282,m5~52-v1.tif,f3~36-v1.tif,102,1.0992123215799527
283,m4~410-v1.tif,f3~36-v1.tif,102,1.4968457355880642
284,m5~51-v1.tif,f5~59-v1.tif,102,1.3149439159630905
285,m1~15-v1.tif,f3~36-v1.tif,102,1.0247256412478056
286,m4~410-v1.tif,f1~16-v1.tif,102,1.2319466580547898
287,m4~43-v1.tif,f5~56-v1.tif,102,1.3055109183806652
288,m5~52-v1.tif,f5~59-v1.tif,102,1.2969097765716078
289,m4~410-v1.tif,f4~46-v1.tif,102,1.3308265599105469
290,m2~27-v1.tif,f5~58-v1.tif,102,1.288577946059171
291,m4~48-v1.tif,f2~26-v1.tif,102,1.1232170055269322
292,m2~28-v1.tif,f1~11-v1.tif,102,1.0856573760384953
293,m1~15-v1.tif,f2~26-v1.tif,102,1.2464751988174716
294,m5~52-v1.tif,f5~56-v1.tif,102,1.4591539543682543
295,m5~52-v1.tif,f2~21-v1.tif,102,1.0372184354586087
296,m4~47-v1.tif,f3~35-v1.tif,102,1.1148473520578632
297,m1~12-v1.tif,f2~26-v1.tif,102,1.1780124837176649
298,m3~35-v1.tif,f3~37-v1.tif,102,1.0880736583731307
299,m2~28-v1.tif,f4~45-v1.tif,102,1.08027912747189
300,m1~17-v1.tif,f1~16-v1.tif,102,1.1760008339965933
301,m2~29-v1.tif,f5~58-v1.tif,102,1.1446046151939198
302,m5~53-v1.tif,f5~59-v1.tif,102,1.4900568991132943
303,m4~48-v1.tif,f2~22-v1.tif,102,1.3206958853067086
304,m4~42-v1.tif,f5~58-v1.tif,102,1.3223259761377173
305,m2~29-v1.tif,f1~16-v1.tif,102,1.4542286577757444
306,m4~48-v1.tif,f2~22-v1.tif,102,1.021140399879977
307,m5~51-v1.tif,f1~11-v1.tif,102,1.376499642687779
308,m5~51-v1.tif,f3~37-v1.tif,102,1.0765318432264015
309,m4~48-v1.tif,f5~59-v1.tif,102,1.2470873288314237
310,m4~48-v1.tif,f2~26-v1.tif,102,1.3869930594964055
311,m3~36-v1.tif,f4~45-v1.tif,102,1.0299213495150594
312,m5~52-v1.tif,f1~11-v1.tif,102,1.0191112077359115
313,m3~34-v1.tif,f4~46-v1.tif,102,1.208363203782835
314,m3~35-v1.tif,f2~26-v1.tif,102,1.1596163257804764
315,m5~53-v1.tif,f2~21-v1.tif,102,1.1188357440544114
316,m1~18-v1.tif,f1~16-v1.tif,102,1.2802181040248606
317,m2~28-v1.tif,f3~36-v1.tif,102,1.449937470671295
318,m4~42-v1.tif,f1~16-v1.tif,102,1.2176262018642703
319,m4~47-v1.tif,f4~45-v1.tif,102,1.0957624789518343
320,m1~15-v1.tif,f5~54-v1.tif,102,1.3875905168029439
321,m3~35-v1.tif,f3~33-v1.tif,102,1.1090815967312995
322,m2~29-v1.tif,f2~21-v1.tif,102,1.4397308632971861
323,m1~12-v1.tif,f5~59-v1.tif,102,1.0124019864291696
324,m3~34-v1.tif,f2~22-v1.tif,102,1.1677088633787969
325,m1~18-v1.tif,f2~26-v1.tif,102,1.427685816737581
326,m5~52-v1.tif,f3~35-v1.tif,102,1.4040537073685657
327,m3~34-v1.tif,f2~26-v1.tif,102,1.0946522496598117
328,m1~12-v1.tif,f2~22-v1.tif,102,1.2967368753418742
329,m4~43-v1.tif,f3~36-v1.tif,102,1.184341762155593
330,m2~27-v1.tif,f5~51-v1.tif,102,1.450920932285894
331,m3~35-v1.tif,f5~54-v1.tif,102,1.3551810854771318
332,m1~12-v1.tif,f3~31-v1.tif,102,1.1270318694934154
333,m4~48-v1.tif,f3~31-v1.tif,102,1.2586796228374935
334,m4~42-v1.tif,f5~54-v1.tif,102,1.1027617906768685
335,m1~19-v1.tif,f5~51-v1.tif,102,1.1008363723334387
336,m5~53-v1.tif,f3~36-v1.tif,102,1.1465073633980947
337,m5~52-v1.tif,f4~43-v1.tif,102,1.4304733336219984
338,m2~28-v1.tif,f5~58-v1.tif,102,1.048018727087027
339,m3~36-v1.tif,f2~26-v1.tif,102,1.370540035343919
340,m2~28-v1.tif,f5~56-v1.tif,102,1.0199254010769727
341,m4~43-v1.tif,f5~58-v1.tif,102,1.4993085323557236
342,m4~410-v1.tif,f3~37-v1.tif,102,1.3803153355235611
343,m4~410-v1.tif,f4~43-v1.tif,102,1.4642458157267366
344,m4~410-v1.tif,f2~22-v1.tif,102,1.3539504815171823
345,m1~19-v1.tif,f4~46-v1.tif,102,1.4766841834188533
346,m3~36-v1.tif,f1~11-v1.tif,102,1.3153876266451832
347,m4~47-v1.tif,f4~46-v1.tif,102,1.4874889430541145
348,m1~15-v1.tif,f3~33-v1.tif,102,1.2152394947710272
349,m3~34-v1.tif,f1~16-v1.tif,102,1.4470273404271763
350,m4~48-v1.tif,f3~36-v1.tif,102,1.1098953987525708
351,m1~18-v1.tif,f3~36-v1.tif,102,1.0025144715706023
352,m1~17-v1.tif,f5~58-v1.tif,102,1.2612917202215206
353,m1~19-v1.tif,f4~46-v1.tif,102,1.1684137336126033
354,m3~34-v1.tif,f5~54-v1.tif,102,1.083513306504429
355,m1~17-v1.tif,f3~31-v1.tif,102,1.2302062327641643
356,m3~34-v1.tif,f3~33-v1.tif,102,1.3807394096475738
357,m4~48-v1.tif,f2~26-v1.tif,102,1.2053743615244623
358,m2~24-v1.tif,f2~26-v1.tif,102,1.0398628111011214
359,m3~34-v1.tif,f1~16-v1.tif,102,1.1808140307148953
360,m5~52-v1.tif,f4~46-v1.tif,102,1.0778913972497435
361,m2~27-v1.tif,f3~35-v1.tif,102,1.3691647486567569
362,m5~51-v1.tif,f2~22-v1.tif,102,1.001021314476824
363,m4~48-v1.tif,f3~33-v1.tif,102,1.3704337397699196
364,m4~43-v1.tif,f5~56-v1.tif,102,1.3752683396747774
365,m4~42-v1.tif,f3~37-v1.tif,102,1.3038183932810323
366,m2~24-v1.tif,f4~46-v1.tif,102,1.0465117383595692
367,m3~34-v1.tif,f5~56-v1.tif,102,1.2015090925453533
368,m5~53-v1.tif,f5~51-v1.tif,102,1.4803931521250848
369,m5~52-v1.tif,f3~35-v1.tif,102,1.2079141670322124
370,m3~36-v1.tif,f3~36-v1.tif,102,1.1567541331315598
371,m1~18-v1.tif,f4~43-v1.tif,102,1.0024311873274319
372,m3~34-v1.tif,f5~56-v1.tif,102,1.0693231092602322
373,m4~410-v1.tif,f3~33-v1.tif,102,1.3441809494970012
374,m1~12-v1.tif,f3~37-v1.tif,102,1.4255039939257081
375,m4~47-v1.tif,f1~16-v1.tif,102,1.1296952085826726
376,m4~48-v1.tif,f4~45-v1.tif,102,1.3732364856497878
377,m1~18-v1.tif,f1~16-v1.tif,102,1.0128351997162894
378,m1~17-v1.tif,f2~26-v1.tif,102,1.0660396199439002
379,m3~34-v1.tif,f1~12-v1.tif,102,1.116313442091801
380,m4~48-v1.tif,f1~16-v1.tif,102,1.062912131769319
381,m3~35-v1.tif,f4~43-v1.tif,102,1.0952699443466243
382,m3~34-v1.tif,f2~21-v1.tif,102,1.277169637395761
383,m1~18-v1.tif,f3~37-v1.tif,102,1.1748006441302206
384,m3~34-v1.tif,f1~11-v1.tif,102,1.2713362046854852
385,m4~47-v1.tif,f3~35-v1.tif,102,1.1011486001788187
386,m4~410-v1.tif,f3~33-v1.tif,102,1.2768188149585036
387,m1~17-v1.tif,f3~33-v1.tif,102,1.2085328197152878
388,m4~42-v1.tif,f3~35-v1.tif,102,1.2828435200201216
389,m2~26-v1.tif,f2~26-v1.tif,102,1.1673452249652119
390,m2~26-v1.tif,f5~56-v1.tif,102,1.057589767889739
391,m1~15-v1.tif,f3~31-v1.tif,102,1.2246096181530453
392,m4~42-v1.tif,f3~31-v1.tif,102,1.2612009711908683
393,m4~42-v1.tif,f5~56-v1.tif,102,1.3976009788986965
394,m1~19-v1.tif,f3~35-v1.tif,102,1.4836287153344108
395,m1~19-v1.tif,f3~35-v1.tif,102,1.3317174210021947
396,m3~34-v1.tif,f4~43-v1.tif,102,1.370410553874661
397,m3~35-v1.tif,f3~37-v1.tif,102,1.43109858287729
398,m3~34-v1.tif,f3~31-v1.tif,102,1.09506268980265
399,m4~42-v1.tif,f2~26-v1.tif,102,1.3831792372544163
400,m2~28-v1.tif,f3~36-v1.tif,102,1.0510108922789374
401,m1~17-v1.tif,f5~59-v1.tif,102,1.1269510935695313
402,m5~53-v1.tif,f3~37-v1.tif,102,1.3276403018332923
403,m3~35-v1.tif,f3~31-v1.tif,102,1.4363499122929015
404,m5~52-v1.tif,f3~36-v1.tif,102,1.413766253981244
405,m1~12-v1.tif,f5~59-v1.tif,102,1.0090616865722515
406,m1~15-v1.tif,f5~51-v1.tif,102,1.1070170664515055
407,m1~15-v1.tif,f4~46-v1.tif,102,1.465710741274041
408,m1~15-v1.tif,f5~56-v1.tif,102,1.2108482522715995
409,m3~34-v1.tif,f3~35-v1.tif,102,1.2919033301472698
410,m5~52-v1.tif,f2~21-v1.tif,102,1.0114952792761986
411,m1~18-v1.tif,f4~46-v1.tif,102,1.0927313534806529
412,m1~15-v1.tif,f5~58-v1.tif,102,1.1019187826436163
413,m2~28-v1.tif,f3~37-v1.tif,102,1.095324269020427
414,m4~48-v1.tif,f5~59-v1.tif,102,1.4959895097555425
415,m4~43-v1.tif,f4~45-v1.tif,102,1.0295556272812734
416,m3~36-v1.tif,f3~33-v1.tif,102,1.1914178422229378
417,m2~28-v1.tif,f2~21-v1.tif,102,1.316669388066075
418,m2~29-v1.tif,f5~54-v1.tif,102,1.2722486588220618
419,m2~28-v1.tif,f3~35-v1.tif,102,1.0308224022358927
420,m3~36-v1.tif,f3~31-v1.tif,102,1.1632862283060992
421,m1~18-v1.tif,f4~43-v1.tif,102,1.4147891966031751
422,m4~48-v1.tif,f2~21-v1.tif,102,1.2271648885625246
423,m4~47-v1.tif,f1~16-v1.tif,102,1.315009207047111
424,m4~48-v1.tif,f2~22-v1.tif,102,1.260809343978234
425,m4~410-v1.tif,f5~56-v1.tif,102,1.392922552106154
426,m2~27-v1.tif,f3~31-v1.tif,102,1.0303672055964201
427,m2~29-v1.tif,f3~37-v1.tif,102,1.234631415760642
428,m4~42-v1.tif,f3~37-v1.tif,102,1.3602804131005695
429,m3~35-v1.tif,f5~54-v1.tif,102,1.4546551887642005
430,m2~28-v1.tif,f5~51-v1.tif,102,1.3969271505778256
431,m3~34-v1.tif,f5~54-v1.tif,102,1.1785000123834222
432,m1~12-v1.tif,f5~54-v1.tif,102,1.375596020497087
433,m2~28-v1.tif,f1~16-v1.tif,102,1.1051189061191427
434,m2~28-v1.tif,f4~46-v1.tif,102,1.2712657125772535
435,m1~12-v1.tif,f4~46-v1.tif,102,1.4488533687660292
436,m2~29-v1.tif,f5~54-v1.tif,102,1.4500660712813767
437,m1~19-v1.tif,f4~46-v1.tif,102,1.1633443733075675
438,m1~17-v1.tif,f3~33-v1.tif,102,1.0622454389223615
439,m2~26-v1.tif,f5~56-v1.tif,102,1.4930618521436023
440,m2~26-v1.tif,f5~54-v1.tif,102,1.3376748913761833
441,m4~43-v1.tif,f2~21-v1.tif,102,1.3485752585289297
442,m4~48-v1.tif,f4~46-v1.tif,102,1.2217873618915445
443,m4~43-v1.tif,f1~11-v1.tif,102,1.3809294426340752
444,m2~26-v1.tif,f5~54-v1.tif,102,1.1454341505386663
445,m4~43-v1.tif,f4~45-v1.tif,102,1.0554175120640126
446,m4~43-v1.tif,f4~43-v1.tif,102,1.3573985435776745
447,m4~43-v1.tif,f3~31-v1.tif,102,1.1961493440324058
448,m2~28-v1.tif,f4~45-v1.tif,102,1.37106962652095
449,m3~35-v1.tif,f5~56-v1.tif,102,1.4830528566320553
450,m2~28-v1.tif,f5~59-v1.tif,102,1.0334341401569336
451,m1~18-v1.tif,f2~26-v1.tif,102,1.1155866617374044
452,m1~15-v1.tif,f4~45-v1.tif,102,1.1175017531784763
453,m1~18-v1.tif,f1~11-v1.tif,102,1.2332529411328177
454,m1~19-v1.tif,f2~26-v1.tif,102,1.2079753049274506
455,m5~52-v1.tif,f1~11-v1.tif,102,1.2464176147591846
456,m5~51-v1.tif,f3~37-v1.tif,102,1.0552663619987297
457,m5~52-v1.tif,f5~59-v1.tif,102,1.0189112931278408
458,m3~35-v1.tif,f3~36-v1.tif,102,1.4454768928803352
459,m2~24-v1.tif,f2~22-v1.tif,102,1.3599996342088576
460,m2~24-v1.tif,f2~22-v1.tif,102,1.0646383745234504
461,m2~29-v1.tif,f3~35-v1.tif,102,1.3038151096727357
462,m5~52-v1.tif,f2~22-v1.tif,102,1.1588439666521047
463,m5~52-v1.tif,f4~45-v1.tif,102,1.0918319854534047
464,m4~43-v1.tif,f5~58-v1.tif,102,1.098613506175483
465,m5~52-v1.tif,f3~33-v1.tif,102,1.132235564076171
466,m5~52-v1.tif,f1~16-v1.tif,102,1.1953129105939637
467,m5~52-v1.tif,f3~31-v1.tif,102,1.2598032389428258
468,m1~17-v1.tif,f5~51-v1.tif,102,1.222787969297058
469,m2~28-v1.tif,f3~37-v1.tif,102,1.3157681503227256
470,m4~410-v1.tif,f2~26-v1.tif,102,1.4022777156109387
471,m5~51-v1.tif,f4~45-v1.tif,102,1.0097415009992214
472,m3~36-v1.tif,f1~11-v1.tif,102,1.153652712137316
473,m4~48-v1.tif,f5~56-v1.tif,102,1.1420069381177873
474,m4~48-v1.tif,f4~46-v1.tif,102,1.2774841193222346
475,m4~410-v1.tif,f4~43-v1.tif,102,1.2889780246352083
476,m2~29-v1.tif,f5~54-v1.tif,102,1.3751651693585956
477,m4~48-v1.tif,f4~45-v1.tif,102,1.1600961816485806
478,m2~29-v1.tif,f3~37-v1.tif,102,1.461201972089167
479,m2~24-v1.tif,f1~11-v1.tif,102,1.1686806496664515
480,m4~43-v1.tif,f3~33-v1.tif,102,1.094101017429121
481,m2~28-v1.tif,f1~11-v1.tif,102,1.400596997422197
482,m2~24-v1.tif,f4~43-v1.tif,102,1.0389481471488526
483,m1~18-v1.tif,f5~51-v1.tif,102,1.2047262153772518
484,m3~34-v1.tif,f3~33-v1.tif,102,1.432589441938846
485,m2~28-v1.tif,f4~46-v1.tif,102,1.3258359818376144
486,m4~42-v1.tif,f4~45-v1.tif,102,1.0312579533192667
487,m3~34-v1.tif,f4~43-v1.tif,102,1.2465236543839058
488,m2~26-v1.tif,f5~56-v1.tif,102,1.384270398861443
489,m1~15-v1.tif,f5~56-v1.tif,102,1.4448066396547954
490,m2~27-v1.tif,f5~56-v1.tif,102,1.2115036903964498
491,m2~28-v1.tif,f3~36-v1.tif,102,1.2332178424414644
492,m4~42-v1.tif,f3~33-v1.tif,102,1.4239412728386573
493,m1~19-v1.tif,f5~59-v1.tif,102,1.2831020677097944
494,m4~47-v1.tif,f3~36-v1.tif,102,1.474016939318779
495,m4~43-v1.tif,f3~37-v1.tif,102,1.0508659764267856
496,m3~35-v1.tif,f2~21-v1.tif,102,1.3729580767175844
497,m3~36-v1.tif,f5~59-v1.tif,102,1.4348496574474163
498,m5~53-v1.tif,f3~35-v1.tif,102,1.473721622169119
499,m1~18-v1.tif,f2~21-v1.tif,102,1.1151770556425433
500,m4~48-v1.tif,f2~26-v1.tif,102,1.2719931939210243
501,m5~52-v1.tif,f5~54-v1.tif,102,1.4282779321658872
502,m1~12-v1.tif,f2~22-v1.tif,102,1.4507479584353364
503,m2~28-v1.tif,f4~43-v1.tif,102,1.0893856059020457
504,m3~35-v1.tif,f3~35-v1.tif,102,1.45581209589259
505,m3~36-v1.tif,f5~51-v1.tif,102,1.378272927564491
506,m3~36-v1.tif,f3~36-v1.tif,102,1.1846775223276753
507,m2~27-v1.tif,f1~11-v1.tif,102,1.4087566144656694
508,m5~51-v1.tif,f3~37-v1.tif,102,1.2816071479782758
509,m2~28-v1.tif,f4~43-v1.tif,102,1.2368066736509964
510,m5~51-v1.tif,f5~58-v1.tif,102,1.451332969834254
511,m4~410-v1.tif,f3~33-v1.tif,102,1.4984253167771477
512,m4~43-v1.tif,f4~46-v1.tif,102,1.06833554498245
513,m5~51-v1.tif,f3~35-v1.tif,102,1.4324319874604377
514,m5~51-v1.tif,f4~43-v1.tif,102,1.4891153780784636
515,m1~19-v1.tif,f4~46-v1.tif,102,1.2017464803445805
516,m2~27-v1.tif,f1~12-v1.tif,102,1.1224928175208349
517,m3~36-v1.tif,f3~37-v1.tif,102,1.275814215030286
518,m1~12-v1.tif,f2~22-v1.tif,102,1.4806211563109968
519,m4~48-v1.tif,f3~36-v1.tif,102,1.2824194504768869
520,m2~29-v1.tif,f5~58-v1.tif,102,1.406468355576278
521,m4~43-v1.tif,f3~35-v1.tif,102,1.3494798475949945
522,m3~36-v1.tif,f4~43-v1.tif,102,1.372757385930897
523,m2~24-v1.tif,f4~43-v1.tif,102,1.4602620051164847
524,m4~48-v1.tif,f3~33-v1.tif,102,1.1364767125953867
525,m1~12-v1.tif,f3~36-v1.tif,102,1.0645892909800827
526,m1~12-v1.tif,f5~58-v1.tif,102,1.0095584342934179
527,m5~53-v1.tif,f3~35-v1.tif,102,1.3704375181557276
528,m3~34-v1.tif,f1~11-v1.tif,102,1.243452397789488
529,m4~47-v1.tif,f3~33-v1.tif,102,1.3596341801589344
530,m1~19-v1.tif,f5~59-v1.tif,102,1.4764286106826021
531,m4~48-v1.tif,f3~36-v1.tif,102,1.198257634613561
532,m1~19-v1.tif,f4~46-v1.tif,102,1.0128160858981237
533,m1~18-v1.tif,f3~33-v1.tif,102,1.1745350289038226
534,m4~48-v1.tif,f5~56-v1.tif,102,1.0734001375281925
535,m4~48-v1.tif,f3~35-v1.tif,102,1.2503539454042363
536,m5~52-v1.tif,f5~56-v1.tif,102,1.035587657195982
537,m4~42-v1.tif,f4~43-v1.tif,102,1.187812271376019
538,m4~47-v1.tif,f3~35-v1.tif,102,1.4865841479737858
539,m1~17-v1.tif,f1~16-v1.tif,102,1.0437482324084193
540,m1~17-v1.tif,f3~33-v1.tif,102,1.3783317736328586
541,m2~29-v1.tif,f2~26-v1.tif,102,1.2927709785827852
542,m4~48-v1.tif,f5~54-v1.tif,102,1.2300444359824456
543,m5~51-v1.tif,f3~37-v1.tif,102,1.2638996236244986
544,m3~36-v1.tif,f3~33-v1.tif,102,1.016136607583081
545,m5~51-v1.tif,f3~36-v1.tif,102,1.3687843629249874
546,m4~48-v1.tif,f4~43-v1.tif,102,1.3184335381762051
547,m3~34-v1.tif,f2~26-v1.tif,102,1.075005175075558
548,m4~42-v1.tif,f5~51-v1.tif,102,1.299377072820051
549,m1~19-v1.tif,f1~12-v1.tif,102,1.1110819117579203
550,m4~47-v1.tif,f5~54-v1.tif,102,1.3198999189568645
551,m4~43-v1.tif,f2~22-v1.tif,102,1.1947488705093834
552,m4~48-v1.tif,f4~45-v1.tif,102,1.356181881649608
553,m4~47-v1.tif,f3~35-v1.tif,102,1.398952217984497
554,m1~12-v1.tif,f1~11-v1.tif,102,1.4591722302377421
555,m5~53-v1.tif,f2~21-v1.tif,102,1.4314328481880634
556,m4~48-v1.tif,f4~45-v1.tif,102,1.474733462500776
557,m1~18-v1.tif,f1~12-v1.tif,102,1.201536265748492
558,m3~36-v1.tif,f1~12-v1.tif,102,1.2201351817844301
559,m1~12-v1.tif,f3~35-v1.tif,102,1.0192829438118178
560,m1~17-v1.tif,f1~11-v1.tif,102,1.379103296327686
561,m2~26-v1.tif,f1~16-v1.tif,102,1.413175469936268
562,m4~48-v1.tif,f3~35-v1.tif,102,1.4259862223657898
563,m5~52-v1.tif,f2~26-v1.tif,102,1.1600216149026346
564,m5~51-v1.tif,f5~54-v1.tif,102,1.4760747597589627
565,m3~36-v1.tif,f5~58-v1.tif,102,1.2197037844137193
566,m3~35-v1.tif,f5~59-v1.tif,102,1.0939913694083139
567,m4~42-v1.tif,f3~37-v1.tif,102,1.2567918831583245
568,m3~34-v1.tif,f3~37-v1.tif,102,1.403895639562489
569,m3~36-v1.tif,f5~56-v1.tif,102,1.2090362152966472
570,m4~43-v1.tif,f4~45-v1.tif,102,1.2679375771435564
571,m4~42-v1.tif,f4~46-v1.tif,102,1.4978562409586216
572,m5~51-v1.tif,f3~37-v1.tif,102,1.0658170071480852
573,m1~18-v1.tif,f5~59-v1.tif,102,1.1051185563635728
574,m5~53-v1.tif,f2~26-v1.tif,102,1.0770954001471604
575,m3~35-v1.tif,f5~56-v1.tif,102,1.1066571776138416
576,m2~28-v1.tif,f4~45-v1.tif,102,1.1247283599233646
577,m4~47-v1.tif,f2~21-v1.tif,102,1.0284275461501842
578,m4~410-v1.tif,f4~45-v1.tif,102,1.2745049057486053
579,m2~27-v1.tif,f4~43-v1.tif,102,1.4295692915339657
580,m1~19-v1.tif,f1~16-v1.tif,102,1.0557173869266494
581,m2~26-v1.tif,f3~31-v1.tif,102,1.0558850966856
582,m5~51-v1.tif,f1~16-v1.tif,102,1.459190034335257
583,m4~410-v1.tif,f5~54-v1.tif,102,1.3964935613249776
584,m1~17-v1.tif,f2~26-v1.tif,102,1.2195508047776134
585,m1~15-v1.tif,f3~33-v1.tif,102,1.0708438268781617
586,m4~410-v1.tif,f2~21-v1.tif,102,1.1773152804806306
587,m1~18-v1.tif,f4~46-v1.tif,102,1.080286313984817
588,m5~52-v1.tif,f5~58-v1.tif,102,1.2307660770879503
589,m4~47-v1.tif,f3~35-v1.tif,102,1.13955511676069
590,m4~410-v1.tif,f5~58-v1.tif,102,1.2467775032266761
591,m4~48-v1.tif,f3~37-v1.tif,102,1.250257179574127
592,m1~15-v1.tif,f1~12-v1.tif,102,1.2600346842003538
593,m1~15-v1.tif,f5~59-v1.tif,102,1.1616786417634135
594,m4~43-v1.tif,f2~26-v1.tif,102,1.0613093519298786
595,m1~15-v1.tif,f5~56-v1.tif,102,1.2390704434992028
596,m5~52-v1.tif,f2~22-v1.tif,102,1.4032246564437307
597,m2~28-v1.tif,f3~35-v1.tif,102,1.1257977876025536
598,m4~47-v1.tif,f5~58-v1.tif,102,1.0274935917784602
599,m2~27-v1.tif,f3~36-v1.tif,102,1.4091749770066297
600,m4~43-v1.tif,f3~37-v1.tif,102,1.074979065282213
601,m5~52-v1.tif,f3~31-v1.tif,102,1.2906544393499881
602,m1~19-v1.tif,f5~56-v1.tif,102,1.3846364469197834
603,m2~24-v1.tif,f2~26-v1.tif,102,1.14966001848605
604,m2~26-v1.tif,f5~58-v1.tif,102,1.2544422299857652
605,m2~26-v1.tif,f2~22-v1.tif,102,1.0358978186217254
606,m3~35-v1.tif,f4~43-v1.tif,102,1.0811336739586985
607,m1~18-v1.tif,f5~59-v1.tif,102,1.1096367154828695
608,m1~12-v1.tif,f5~51-v1.tif,102,1.360001886463822
609,m2~28-v1.tif,f2~26-v1.tif,102,1.0499850207582635
610,m1~19-v1.tif,f5~54-v1.tif,102,1.0115663260745336
611,m4~48-v1.tif,f3~37-v1.tif,102,1.4114371495497777
612,m5~53-v1.tif,f1~11-v1.tif,102,1.3723234683275314
613,m5~51-v1.tif,f5~56-v1.tif,102,1.3976464100459776
614,m1~17-v1.tif,f5~51-v1.tif,102,1.224213570321663
615,m4~47-v1.tif,f4~43-v1.tif,102,1.0189645647251635
616,m4~42-v1.tif,f1~11-v1.tif,102,1.1404432969578304
617,m4~48-v1.tif,f5~51-v1.tif,102,1.0137233410396558
618,m2~29-v1.tif,f2~26-v1.tif,102,1.3144134830983512
619,m1~18-v1.tif,f2~26-v1.tif,102,1.4509359237755595
620,m5~52-v1.tif,f4~45-v1.tif,102,1.3024959976283967
621,m3~34-v1.tif,f1~11-v1.tif,102,1.4159141402840627
622,m3~34-v1.tif,f2~26-v1.tif,102,1.448205811854299
623,m1~12-v1.tif,f1~16-v1.tif,102,1.2850194529417602
624,m1~17-v1.tif,f5~56-v1.tif,102,1.4491657652920846
625,m2~26-v1.tif,f2~26-v1.tif,102,1.4660886923153469
626,m4~43-v1.tif,f1~11-v1.tif,102,1.157864068841699
627,m2~29-v1.tif,f5~51-v1.tif,102,1.3411661972622289
628,m4~42-v1.tif,f2~26-v1.tif,102,1.1493370151184115
629,m2~26-v1.tif,f4~46-v1.tif,102,1.0367170752896924
630,m2~24-v1.tif,f5~59-v1.tif,102,1.0956972883030995
631,m4~43-v1.tif,f4~43-v1.tif,102,1.0335572776701358
632,m4~42-v1.tif,f5~54-v1.tif,102,1.1242854976834684
633,m5~52-v1.tif,f5~54-v1.tif,102,1.0215461462140507
634,m1~19-v1.tif,f5~56-v1.tif,102,1.2527563640966926
635,m1~17-v1.tif,f5~54-v1.tif,102,1.405373447668117
636,m2~29-v1.tif,f3~36-v1.tif,102,1.2160871547588052
637,m3~36-v1.tif,f4~46-v1.tif,102,1.4004368347310199
638,m3~35-v1.tif,f3~35-v1.tif,102,1.0455530594985039
639,m3~34-v1.tif,f3~37-v1.tif,102,1.1496981982545043
640,m2~26-v1.tif,f5~58-v1.tif,102,1.4478423346626415
641,m2~26-v1.tif,f3~33-v1.tif,102,1.1462737921839607
642,m1~17-v1.tif,f4~45-v1.tif,102,1.4082791676283957
643,m2~29-v1.tif,f3~33-v1.tif,102,1.4212619903001729
644,m2~28-v1.tif,f3~37-v1.tif,102,1.2478620189090806
645,m3~35-v1.tif,f5~51-v1.tif,102,1.395339333367736
646,m2~24-v1.tif,f5~54-v1.tif,102,1.0106994447894688
647,m1~12-v1.tif,f4~46-v1.tif,102,1.3381516689692843
648,m2~24-v1.tif,f4~43-v1.tif,102,1.2567039944952698
649,m5~51-v1.tif,f1~12-v1.tif,102,1.0823778663268455
650,m2~29-v1.tif,f4~43-v1.tif,102,1.0724752518896148
651,m2~28-v1.tif,f2~21-v1.tif,102,1.2044209952693454
652,m3~36-v1.tif,f5~58-v1.tif,102,1.3499846130618616
653,m4~410-v1.tif,f3~37-v1.tif,102,1.3101391472756845
654,m2~28-v1.tif,f3~37-v1.tif,102,1.0815144175744948
655,m4~43-v1.tif,f4~46-v1.tif,102,1.4668172262227683
656,m4~47-v1.tif,f5~59-v1.tif,102,1.108906172466948
657,m4~47-v1.tif,f1~11-v1.tif,102,1.157348437323847
658,m3~36-v1.tif,f3~31-v1.tif,102,1.222149981625048
659,m4~42-v1.tif,f5~54-v1.tif,102,1.3497522256643681
660,m4~48-v1.tif,f1~11-v1.tif,102,1.1647006215373596
661,m2~24-v1.tif,f3~31-v1.tif,102,1.4021789512377474
662,m4~42-v1.tif,f5~51-v1.tif,102,1.4237024511333434
663,m4~48-v1.tif,f1~16-v1.tif,102,1.3966638762241184
664,m2~24-v1.tif,f2~26-v1.tif,102,1.4000915212324045
665,m1~18-v1.tif,f1~16-v1.tif,102,1.4238461310950379
666,m5~51-v1.tif,f3~33-v1.tif,102,1.3864064677694952
667,m2~24-v1.tif,f4~45-v1.tif,102,1.4712932641324235
668,m2~26-v1.tif,f3~37-v1.tif,102,1.3941635444261578
669,m4~43-v1.tif,f3~37-v1.tif,102,1.021091145767504
670,m4~47-v1.tif,f5~51-v1.tif,102,1.1074111560534021
671,m1~17-v1.tif,f2~22-v1.tif,102,1.2735128332508783
672,m2~28-v1.tif,f3~33-v1.tif,102,1.478592836023155
673,m5~52-v1.tif,f2~26-v1.tif,102,1.348389224609466
674,m5~53-v1.tif,f5~56-v1.tif,102,1.0672547994349204
675,m4~42-v1.tif,f2~22-v1.tif,102,1.034560808969232
676,m1~17-v1.tif,f3~36-v1.tif,102,1.269622517642636
677,m1~12-v1.tif,f3~33-v1.tif,102,1.1501363938028482
678,m4~47-v1.tif,f3~33-v1.tif,102,1.4785474824945999
679,m5~52-v1.tif,f2~22-v1.tif,102,1.4826509862531674
680,m4~42-v1.tif,f3~31-v1.tif,102,1.3276002323684413
681,m2~24-v1.tif,f1~11-v1.tif,102,1.311677547376691
682,m5~51-v1.tif,f1~11-v1.tif,102,1.1626217478500933
683,m5~52-v1.tif,f5~56-v1.tif,102,1.1725675092426222
684,m1~19-v1.tif,f3~33-v1.tif,102,1.4745885589167107
685,m2~24-v1.tif,f5~59-v1.tif,102,1.119419346703139
686,m1~18-v1.tif,f5~59-v1.tif,102,1.2286655757171225
687,m2~24-v1.tif,f4~45-v1.tif,102,1.237725358171642
688,m4~48-v1.tif,f2~21-v1.tif,102,1.3388537850774538
689,m2~26-v1.tif,f1~12-v1.tif,102,1.3569775760464737
690,m1~17-v1.tif,f1~12-v1.tif,102,1.3238696167497388
691,m1~12-v1.tif,f5~51-v1.tif,102,1.1552126426202616
692,m2~24-v1.tif,f4~46-v1.tif,102,1.2462542998463282
693,m5~52-v1.tif,f3~37-v1.tif,102,1.4933826891042106
694,m1~12-v1.tif,f1~16-v1.tif,102,1.0745176104896104
695,m1~19-v1.tif,f3~35-v1.tif,102,1.2392659582834766
696,m1~12-v1.tif,f2~21-v1.tif,102,1.0473903262185589
697,m5~51-v1.tif,f3~35-v1.tif,102,1.2615080265413874
698,m3~35-v1.tif,f2~21-v1.tif,102,1.191220085314052
699,m4~410-v1.tif,f5~59-v1.tif,102,1.2376596170937595
700,m2~28-v1.tif,f3~31-v1.tif,102,1.3501012503029624
701,m4~48-v1.tif,f5~56-v1.tif,102,1.087934354800031
702,m3~36-v1.tif,f2~26-v1.tif,102,1.4496146716353375
703,m4~42-v1.tif,f3~35-v1.tif,102,1.2249436114252672
704,m1~19-v1.tif,f2~26-v1.tif,102,1.2943466798972816
705,m1~15-v1.tif,f4~45-v1.tif,102,1.4755231985718062
706,m1~12-v1.tif,f1~16-v1.tif,102,1.280657527806655
707,m5~53-v1.tif,f3~31-v1.tif,102,1.187317660196175
708,m3~35-v1.tif,f1~12-v1.tif,102,1.3694582288737427
709,m5~52-v1.tif,f5~51-v1.tif,102,1.2346404353450204
710,m3~34-v1.tif,f4~45-v1.tif,102,1.0391143542630792
711,m4~42-v1.tif,f4~46-v1.tif,102,1.1769383851681836
712,m4~47-v1.tif,f5~51-v1.tif,102,1.0340128295542967
713,m4~42-v1.tif,f5~56-v1.tif,102,1.1401900538900782
714,m1~19-v1.tif,f1~16-v1.tif,102,1.1093889749140529
715,m1~12-v1.tif,f1~12-v1.tif,102,1.3918538450526428
716,m1~12-v1.tif,f1~12-v1.tif,102,1.4011787803053666
717,m1~19-v1.tif,f2~21-v1.tif,102,1.0007410794178462
718,m2~24-v1.tif,f1~11-v1.tif,102,1.3234766063042134
719,m1~18-v1.tif,f3~35-v1.tif,102,1.3656594541770888
720,m5~52-v1.tif,f1~12-v1.tif,102,1.3199865460054436
721,m5~52-v1.tif,f3~37-v1.tif,102,1.11222014109781
722,m5~51-v1.tif,f5~54-v1.tif,102,1.2646749111650224
723,m2~24-v1.tif,f3~35-v1.tif,102,1.400411866851292
724,m5~52-v1.tif,f1~11-v1.tif,102,1.2212594021796934
725,m5~52-v1.tif,f3~33-v1.tif,102,1.1879848551798544
726,m1~18-v1.tif,f1~11-v1.tif,102,1.1240559747388315
727,m4~48-v1.tif,f5~56-v1.tif,102,1.4391387833747922
728,m1~18-v1.tif,f1~11-v1.tif,102,1.2724127147022943
729,m2~29-v1.tif,f5~51-v1.tif,102,1.402973372186882
730,m2~24-v1.tif,f3~36-v1.tif,102,1.0636561017800612
731,m4~43-v1.tif,f5~51-v1.tif,102,1.1895796224769815
732,m4~410-v1.tif,f2~21-v1.tif,102,1.1887470483768245
733,m2~28-v1.tif,f2~22-v1.tif,102,1.2610762032796923
734,m4~43-v1.tif,f5~58-v1.tif,102,1.2929028126954605
735,m3~34-v1.tif,f4~46-v1.tif,102,1.4086312727210741
736,m2~24-v1.tif,f2~21-v1.tif,102,1.1189834787435866
737,m4~43-v1.tif,f3~36-v1.tif,102,1.2175759495530383
738,m3~34-v1.tif,f4~46-v1.tif,102,1.4159576330854815
739,m1~17-v1.tif,f3~36-v1.tif,102,1.0933938167611812
740,m4~43-v1.tif,f2~22-v1.tif,102,1.0553659883845636
741,m5~53-v1.tif,f3~37-v1.tif,102,1.2205135193740022
742,m1~19-v1.tif,f3~31-v1.tif,102,1.488435006898918
743,m1~18-v1.tif,f3~37-v1.tif,102,1.0028793050561107
744,m2~27-v1.tif,f2~26-v1.tif,102,1.3856916124351155
745,m2~27-v1.tif,f4~45-v1.tif,102,1.3423873986045443
746,m3~34-v1.tif,f5~59-v1.tif,102,1.0117594182677225
747,m1~19-v1.tif,f5~58-v1.tif,102,1.1858041623841151
748,m5~51-v1.tif,f5~54-v1.tif,102,1.2695315374106297
749,m2~24-v1.tif,f4~46-v1.tif,102,1.4840603013050784
750,m4~410-v1.tif,f2~22-v1.tif,102,1.0820654296368317
751,m4~42-v1.tif,f1~11-v1.tif,102,1.0895773634745591
752,m4~42-v1.tif,f3~35-v1.tif,102,1.084219310789313
753,m2~27-v1.tif,f4~45-v1.tif,102,1.0999087848453157
754,m4~410-v1.tif,f4~45-v1.tif,102,1.352772758667619
755,m2~27-v1.tif,f1~12-v1.tif,102,1.149969140362949
756,m2~28-v1.tif,f3~37-v1.tif,102,1.2508924082709603
757,m5~52-v1.tif,f5~58-v1.tif,102,1.2204813865828557
758,m4~48-v1.tif,f3~31-v1.tif,102,1.3030388766165844
759,m1~17-v1.tif,f5~58-v1.tif,102,1.3623592161142344
760,m1~12-v1.tif,f4~45-v1.tif,102,1.435160360273879
761,m4~43-v1.tif,f5~56-v1.tif,102,1.4082999737341186
762,m2~26-v1.tif,f1~11-v1.tif,102,1.0945745427407951
763,m4~42-v1.tif,f4~46-v1.tif,102,1.3915232586840818
764,m2~26-v1.tif,f3~33-v1.tif,102,1.2912583979084304
765,m4~410-v1.tif,f3~33-v1.tif,102,1.0618880779598299
766,m4~47-v1.tif,f4~43-v1.tif,102,1.228798495924959
767,m2~24-v1.tif,f2~22-v1.tif,102,1.2601940749763507
768,m2~28-v1.tif,f5~59-v1.tif,102,1.4457948593341527
769,m2~26-v1.tif,f3~33-v1.tif,102,1.0687159977188156
770,m5~52-v1.tif,f5~54-v1.tif,102,1.3430897654874532
771,m5~53-v1.tif,f3~37-v1.tif,102,1.2497663591254786
772,m4~48-v1.tif,f3~31-v1.tif,102,1.1953473452938286
773,m4~43-v1.tif,f5~51-v1.tif,102,1.3336756682047015
774,m5~53-v1.tif,f5~54-v1.tif,102,1.419893253131332
775,m2~27-v1.tif,f5~58-v1.tif,102,1.0152491083383772
776,m2~27-v1.tif,f1~11-v1.tif,102,1.39390925802569
777,m4~48-v1.tif,f2~26-v1.tif,102,1.2208265649204466
778,m5~51-v1.tif,f2~22-v1.tif,102,1.2825826950453156
779,m3~36-v1.tif,f2~26-v1.tif,102,1.367252717778104
780,m4~43-v1.tif,f5~51-v1.tif,102,1.1472911981060405
781,m1~19-v1.tif,f2~26-v1.tif,102,1.0663746549530058
782,m1~12-v1.tif,f3~35-v1.tif,102,1.1995714549916923
783,m4~42-v1.tif,f1~16-v1.tif,102,1.1653180903327058
784,m1~19-v1.tif,f5~56-v1.tif,102,1.1979315051661188
785,m1~18-v1.tif,f5~51-v1.tif,102,1.2436466983591796
786,m4~410-v1.tif,f1~11-v1.tif,102,1.1168659849652065
787,m4~43-v1.tif,f1~11-v1.tif,102,1.1988263028361474
788,m2~29-v1.tif,f4~45-v1.tif,102,1.438432144406482
789,m1~15-v1.tif,f3~36-v1.tif,102,1.2050092579332294
790,m1~19-v1.tif,f3~36-v1.tif,102,1.040877985797852
791,m1~19-v1.tif,f4~43-v1.tif,102,1.2518638617375433
792,m2~27-v1.tif,f3~35-v1.tif,102,1.3823072002216485
793,m5~53-v1.tif,f3~37-v1.tif,102,1.491090435605445
794,m1~15-v1.tif,f2~26-v1.tif,102,1.0141368688779122
795,m4~47-v1.tif,f2~22-v1.tif,102,1.1171216088247897
796,m5~52-v1.tif,f2~21-v1.tif,102,1.0190386545944419
797,m4~47-v1.tif,f3~33-v1.tif,102,1.0447422362960936
798,m4~410-v1.tif,f4~43-v1.tif,102,1.1496555599232052
799,m4~410-v1.tif,f2~21-v1.tif,102,1.1069527171007618
800,m2~28-v1.tif,f5~51-v1.tif,102,1.440177777090801
801,m5~51-v1.tif,f5~54-v1.tif,102,1.171869579140067
802,m5~53-v1.tif,f3~31-v1.tif,102,1.2754652563200324
803,m1~12-v1.tif,f3~37-v1.tif,102,1.2351765844945621
804,m4~42-v1.tif,f4~45-v1.tif,102,1.2896112935945987
805,m1~18-v1.tif,f4~43-v1.tif,102,1.362887764043847
806,m5~53-v1.tif,f2~21-v1.tif,102,1.2789547182334253
807,m4~410-v1.tif,f1~16-v1.tif,102,1.291741986922062
808,m2~28-v1.tif,f4~45-v1.tif,102,1.3637127746736315
809,m4~48-v1.tif,f4~43-v1.tif,102,1.4412990857377477
810,m3~35-v1.tif,f2~21-v1.tif,102,1.2336193627176408
811,m3~34-v1.tif,f4~46-v1.tif,102,1.2161053631583298
812,m4~47-v1.tif,f1~11-v1.tif,102,1.0827434947171217
813,m2~26-v1.tif,f5~51-v1.tif,102,1.0292470482803824
814,m2~28-v1.tif,f1~12-v1.tif,102,1.1185644137746793
815,m4~48-v1.tif,f2~21-v1.tif,102,1.199664398218563
816,m3~36-v1.tif,f3~35-v1.tif,102,1.2981840644943157
817,m5~52-v1.tif,f1~16-v1.tif,102,1.3617929067009813
818,m5~53-v1.tif,f4~43-v1.tif,102,1.1334584018656801
819,m3~36-v1.tif,f5~58-v1.tif,102,1.1314301866933387
820,m4~47-v1.tif,f2~26-v1.tif,102,1.2435193479085405
821,m5~51-v1.tif,f3~35-v1.tif,102,1.386240368432993
822,m4~47-v1.tif,f5~58-v1.tif,102,1.462632820042741
823,m2~27-v1.tif,f2~21-v1.tif,102,1.101745553550226
824,m2~28-v1.tif,f3~37-v1.tif,102,1.3367451196889784
825,m5~53-v1.tif,f3~31-v1.tif,102,1.2349403449261611
826,m1~15-v1.tif,f1~16-v1.tif,102,1.0089111192892837
827,m2~28-v1.tif,f3~31-v1.tif,102,1.3500613250409947
828,m1~17-v1.tif,f3~36-v1.tif,102,1.3481363635415344
829,m2~24-v1.tif,f5~58-v1.tif,102,1.3307347946626236
830,m1~12-v1.tif,f5~59-v1.tif,102,1.0294316455094932
831,m1~18-v1.tif,f3~35-v1.tif,102,1.485527339791745
832,m4~48-v1.tif,f5~56-v1.tif,102,1.3796321752092426
833,m2~26-v1.tif,f5~51-v1.tif,102,1.2555314017666366
834,m4~47-v1.tif,f2~22-v1.tif,102,1.4305810519183781
835,m2~26-v1.tif,f3~36-v1.tif,102,1.416863060950517
836,m4~42-v1.tif,f2~22-v1.tif,102,1.3008966097748258
837,m4~43-v1.tif,f3~31-v1.tif,102,1.2725926864216794
838,m5~51-v1.tif,f1~12-v1.tif,102,1.4046508499189823
839,m3~34-v1.tif,f3~35-v1.tif,102,1.3828671661615926
840,m1~19-v1.tif,f1~16-v1.tif,102,1.2861339421775775
841,m3~34-v1.tif,f4~46-v1.tif,102,1.1746035097347574
842,m5~53-v1.tif,f1~11-v1.tif,102,1.3035053429747556
843,m1~12-v1.tif,f3~33-v1.tif,102,1.0601151341477273
844,m4~410-v1.tif,f3~31-v1.tif,102,1.3585999937516504
845,m5~53-v1.tif,f3~36-v1.tif,102,1.0592438752386344
846,m4~410-v1.tif,f2~26-v1.tif,102,1.4439987050921512
847,m4~410-v1.tif,f5~56-v1.tif,102,1.4557082206028253
848,m5~53-v1.tif,f3~36-v1.tif,102,1.0160201928749522
849,m2~29-v1.tif,f5~59-v1.tif,102,1.43884970834907
850,m3~35-v1.tif,f5~51-v1.tif,102,1.4139843911722108
851,m2~26-v1.tif,f2~26-v1.tif,102,1.4148164177806448
852,m3~34-v1.tif,f4~45-v1.tif,102,1.4042433125122993
853,m4~47-v1.tif,f1~16-v1.tif,102,1.1893709191451518
854,m4~47-v1.tif,f2~22-v1.tif,102,1.4152435722507883
855,m2~27-v1.tif,f2~26-v1.tif,102,1.3062788993099546
856,m3~36-v1.tif,f4~46-v1.tif,102,1.3316615212380722
857,m4~43-v1.tif,f4~45-v1.tif,102,1.1287367638009582
858,m2~26-v1.tif,f3~36-v1.tif,102,1.023310809939364
859,m4~47-v1.tif,f1~12-v1.tif,102,1.3559586239665053
860,m4~43-v1.tif,f4~43-v1.tif,102,1.4147184311762402
861,m2~28-v1.tif,f1~16-v1.tif,102,1.3460810519526516
862,m2~24-v1.tif,f5~59-v1.tif,102,1.298860941319354
863,m5~52-v1.tif,f3~36-v1.tif,102,1.1198130638063244
864,m1~19-v1.tif,f3~36-v1.tif,102,1.1984651556186763
865,m1~15-v1.tif,f2~21-v1.tif,102,1.2292702212702566
866,m5~52-v1.tif,f2~21-v1.tif,102,1.462238585393903
867,m2~27-v1.tif,f3~37-v1.tif,102,1.286813178992238
868,m2~26-v1.tif,f3~36-v1.tif,102,1.4591414865418102
869,m3~36-v1.tif,f2~21-v1.tif,102,1.1823954549425917
870,m3~36-v1.tif,f1~16-v1.tif,102,1.0847878621830989
871,m5~52-v1.tif,f5~58-v1.tif,102,1.0976343162738873
872,m2~28-v1.tif,f3~36-v1.tif,102,1.2538362659334328
873,m4~43-v1.tif,f1~11-v1.tif,102,1.2969202047269366
874,m5~53-v1.tif,f3~36-v1.tif,102,1.245804258580657
875,m2~29-v1.tif,f3~37-v1.tif,102,1.2182188660214694
876,m5~53-v1.tif,f5~51-v1.tif,102,1.1206353002840213
877,m4~47-v1.tif,f5~54-v1.tif,102,1.158025364910058
878,m2~29-v1.tif,f2~22-v1.tif,102,1.4086162087236505
879,m3~35-v1.tif,f5~59-v1.tif,102,1.3774154138788974
880,m3~36-v1.tif,f3~36-v1.tif,102,1.1176676980340305
881,m3~36-v1.tif,f2~21-v1.tif,102,1.0550430716168595
882,m4~43-v1.tif,f5~51-v1.tif,102,1.2453975207675294
883,m2~29-v1.tif,f3~37-v1.tif,102,1.2188905688648355
884,m4~43-v1.tif,f5~51-v1.tif,102,1.232352156000241
885,m2~24-v1.tif,f4~45-v1.tif,102,1.3232960158387939
886,m1~19-v1.tif,f4~43-v1.tif,102,1.1790364392525934
887,m4~410-v1.tif,f3~35-v1.tif,102,1.1434378860055943
888,m3~36-v1.tif,f2~26-v1.tif,102,1.4313223807182496
889,m4~47-v1.tif,f2~26-v1.tif,102,1.199444457914708
890,m2~24-v1.tif,f5~54-v1.tif,102,1.1117826628955578
891,m2~29-v1.tif,f1~11-v1.tif,102,1.029792667202924
892,m1~18-v1.tif,f5~56-v1.tif,102,1.4000526065393362
893,m1~15-v1.tif,f2~26-v1.tif,102,1.4181952156368172
894,m5~52-v1.tif,f5~59-v1.tif,102,1.2401639116118135
895,m1~17-v1.tif,f1~12-v1.tif,102,1.486530714716324
896,m2~27-v1.tif,f3~36-v1.tif,102,1.347100449004295
897,m4~42-v1.tif,f5~56-v1.tif,102,1.1598136573906321
898,m2~24-v1.tif,f1~11-v1.tif,102,1.3062876919977784
899,m3~35-v1.tif,f2~22-v1.tif,102,1.0658628978270097
900,m4~48-v1.tif,f5~56-v1.tif,102,1.2849159768347842
901,m1~15-v1.tif,f5~56-v1.tif,102,1.2125544803555734
902,m5~53-v1.tif,f3~36-v1.tif,102,1.202127810984815
903,m5~53-v1.tif,f2~22-v1.tif,102,1.16416932041284
904,m3~35-v1.tif,f5~59-v1.tif,102,1.297868003901025
905,m4~47-v1.tif,f3~37-v1.tif,102,1.4182020712876973
906,m3~35-v1.tif,f5~51-v1.tif,102,1.464288020482815
907,m4~43-v1.tif,f5~58-v1.tif,102,1.3181775804030127
908,m1~19-v1.tif,f5~59-v1.tif,102,1.4269467400945726
909,m4~410-v1.tif,f5~51-v1.tif,102,1.2417474790756617
910,m3~36-v1.tif,f5~54-v1.tif,102,1.0670162152193623
911,m4~47-v1.tif,f3~37-v1.tif,102,1.1506691949035421
912,m1~15-v1.tif,f3~37-v1.tif,102,1.0420654960744655
913,m4~410-v1.tif,f3~36-v1.tif,102,1.2158709018128047
914,m4~43-v1.tif,f2~21-v1.tif,102,1.1167446450395024
915,m4~410-v1.tif,f5~51-v1.tif,102,1.0671311533505337
916,m1~12-v1.tif,f1~16-v1.tif,102,1.2688799300529185
917,m3~34-v1.tif,f5~56-v1.tif,102,1.0422366199106248
918,m1~17-v1.tif,f2~26-v1.tif,102,1.3586462736153173
919,m4~42-v1.tif,f1~16-v1.tif,102,1.2993219770656803
920,m3~36-v1.tif,f3~35-v1.tif,102,1.4291569142925504
921,m2~29-v1.tif,f5~51-v1.tif,102,1.3928997472024405
922,m2~29-v1.tif,f4~46-v1.tif,102,1.1338128455585355
923,m4~43-v1.tif,f5~58-v1.tif,102,1.1021954648351677
924,m2~29-v1.tif,f5~51-v1.tif,102,1.2242290289433522
925,m4~42-v1.tif,f4~43-v1.tif,102,1.35023347304641
926,m3~34-v1.tif,f2~26-v1.tif,102,1.00398829238629
927,m4~48-v1.tif,f1~11-v1.tif,102,1.0324319895542966
928,m2~26-v1.tif,f3~35-v1.tif,102,1.117336282339276
929,m4~48-v1.tif,f1~16-v1.tif,102,1.3793167834971072
930,m1~15-v1.tif,f3~33-v1.tif,102,1.4116674204421509
931,m4~47-v1.tif,f5~51-v1.tif,102,1.3472010857023804
932,m4~47-v1.tif,f4~45-v1.tif,102,1.098981253659313
933,m1~19-v1.tif,f3~35-v1.tif,102,1.2033449052766056
934,m3~36-v1.tif,f5~56-v1.tif,102,1.015373056326046
935,m4~48-v1.tif,f5~58-v1.tif,102,1.4031353962673083
936,m5~53-v1.tif,f1~16-v1.tif,102,1.0699328730031952
937,m2~24-v1.tif,f1~16-v1.tif,102,1.3055664997218246
938,m4~43-v1.tif,f5~58-v1.tif,102,1.0481046586225888
939,m2~27-v1.tif,f1~11-v1.tif,102,1.43694984401348
940,m5~53-v1.tif,f5~58-v1.tif,102,1.1436397924286152
941,m2~27-v1.tif,f5~54-v1.tif,102,1.4274121608811812
942,m3~35-v1.tif,f2~26-v1.tif,102,1.2932920804197716
943,m4~43-v1.tif,f2~22-v1.tif,102,1.3930882584967472
944,m1~18-v1.tif,f3~35-v1.tif,102,1.4058049295347181
945,m1~18-v1.tif,f4~45-v1.tif,102,1.1488272939273885
946,m4~43-v1.tif,f2~21-v1.tif,102,1.4974539497312864
947,m3~34-v1.tif,f1~12-v1.tif,102,1.0922874276123173
948,m1~17-v1.tif,f5~56-v1.tif,102,1.0601809108679476
949,m3~35-v1.tif,f1~16-v1.tif,102,1.2006993789859963
950,m5~53-v1.tif,f1~12-v1.tif,102,1.2283457415048478
951,m4~42-v1.tif,f2~26-v1.tif,102,1.459630262425118
952,m2~29-v1.tif,f5~51-v1.tif,102,1.0877137026234212
953,m3~35-v1.tif,f3~33-v1.tif,102,1.012260952656753
954,m5~51-v1.tif,f3~31-v1.tif,102,1.0523715190078684
955,m3~34-v1.tif,f5~59-v1.tif,102,1.1284695659600208
956,m5~51-v1.tif,f1~12-v1.tif,102,1.381911540255518
957,m4~43-v1.tif,f5~51-v1.tif,102,1.3397496247170186
958,m1~17-v1.tif,f1~12-v1.tif,102,1.3359173610823536
959,m1~17-v1.tif,f2~22-v1.tif,102,1.2297393576748468
960,m1~15-v1.tif,f5~54-v1.tif,102,1.4061306374441553
961,m3~34-v1.tif,f4~46-v1.tif,102,1.4993836699948995
962,m2~26-v1.tif,f3~31-v1.tif,102,1.316951931314115
963,m5~52-v1.tif,f4~43-v1.tif,102,1.4314819870475455
964,m1~18-v1.tif,f3~31-v1.tif,102,1.1757036245273405
965,m4~42-v1.tif,f5~59-v1.tif,102,1.446005105139323
966,m2~29-v1.tif,f3~31-v1.tif,102,1.4086579799889103
967,m2~28-v1.tif,f3~37-v1.tif,102,1.2359129404580909
968,m2~24-v1.tif,f1~16-v1.tif,102,1.255751769010426
969,m5~51-v1.tif,f3~33-v1.tif,102,1.3413825766420775
970,m5~53-v1.tif,f4~46-v1.tif,102,1.3732040090164455
971,m3~34-v1.tif,f3~33-v1.tif,102,1.0745258977667864
972,m2~29-v1.tif,f3~31-v1.tif,102,1.4063134926905971
973,m3~36-v1.tif,f4~43-v1.tif,102,1.2030646038019395
974,m4~47-v1.tif,f3~33-v1.tif,102,1.07152407394018
975,m4~43-v1.tif,f3~35-v1.tif,102,1.4120737654806763
976,m2~28-v1.tif,f1~16-v1.tif,102,1.0159795236771734
977,m4~42-v1.tif,f4~43-v1.tif,102,1.2307506688780185
978,m1~18-v1.tif,f1~12-v1.tif,102,1.0084850851401395
979,m5~51-v1.tif,f3~33-v1.tif,102,1.4489776239473733
980,m2~24-v1.tif,f4~45-v1.tif,102,1.1944910768336001
981,m1~15-v1.tif,f1~12-v1.tif,102,1.3660113461620949
982,m1~19-v1.tif,f5~58-v1.tif,102,1.4198102481741368
983,m4~42-v1.tif,f2~21-v1.tif,102,1.4175657925559442
984,m4~48-v1.tif,f5~51-v1.tif,102,1.074180332777085
985,m2~26-v1.tif,f5~51-v1.tif,102,1.2434094382636784
986,m3~35-v1.tif,f1~11-v1.tif,102,1.469337166088892
987,m2~29-v1.tif,f1~16-v1.tif,102,1.3493350537468696
988,m4~47-v1.tif,f4~43-v1.tif,102,1.2305018822581824
989,m5~53-v1.tif,f2~26-v1.tif,102,1.2411620978407747
990,m3~35-v1.tif,f4~45-v1.tif,102,1.4326909336880052
991,m1~12-v1.tif,f3~35-v1.tif,102,1.3489384773600774
992,m4~43-v1.tif,f3~33-v1.tif,102,1.4725078784953498
993,m2~27-v1.tif,f2~26-v1.tif,102,1.153946275258324
994,m1~19-v1.tif,f2~21-v1.tif,102,1.4927256715636834
995,m1~19-v1.tif,f3~31-v1.tif,102,1.4187487162272705
996,m3~36-v1.tif,f3~33-v1.tif,102,1.4626873342008548
997,m3~35-v1.tif,f3~37-v1.tif,102,1.3015832830228753
998,m3~35-v1.tif,f5~51-v1.tif,102,1.0021146608132157
999,m5~51-v1.tif,f1~11-v1.tif,102,1.311606379284855
