r_t1,r_t2,cp,obs_cp,mu_rewards,std_rewards,condition,trial,trialset,epoch_n,ID,p_id_solution,p_t1,p_t2,epoch_trial,iti
0,3.050408,0,0,3,1,lc,1,0,0,761,102,0.15,0.85,1,2.6890982539
0,1.313202,0,0,3,1,lc,2,0,0,761,102,0.15,0.85,2,3.8013816687
0,2.60588,0,0,3,1,lc,3,0,0,761,102,0.15,0.85,3,3.4482262093
0,3.740468,0,0,3,1,lc,4,0,0,761,102,0.15,0.85,4,2.6008417855
3.329545,0,0,1,3,1,lc,5,0,0,761,102,0.15,0.85,5,3.2244237938
0,2.918582,0,1,3,1,lc,6,0,0,761,102,0.15,0.85,6,3.1941979889
0,2.283444,0,0,3,1,lc,7,0,0,761,102,0.15,0.85,7,2.6961930144
0,2.546433,0,0,3,1,lc,8,0,0,761,102,0.15,0.85,8,3.4745116831
0,1.737228,0,0,3,1,lc,9,0,0,761,102,0.15,0.85,9,3.9471896274
0,1.932105,0,0,3,1,lc,10,0,0,761,102,0.15,0.85,10,3.723077323
0,4.02809,0,0,3,1,lc,11,0,0,761,102,0.15,0.85,11,5.2601772555
0,3.485903,0,0,3,1,lc,12,0,0,761,102,0.15,0.85,12,4.8297145633
0,2.560188,0,0,3,1,lc,13,0,0,761,102,0.15,0.85,13,3.692937032
0,3.728351,0,0,3,1,lc,14,0,0,761,102,0.15,0.85,14,2.729948104
3.457246,0,0,1,3,1,lc,15,0,0,761,102,0.15,0.85,15,2.7778536209
0,2.059823,0,1,3,1,lc,16,0,0,761,102,0.15,0.85,16,3.6627583758
0,3.92769,0,0,3,1,lc,17,0,0,761,102,0.15,0.85,17,3.1531566467
2.235143,0,0,1,3,1,lc,18,0,0,761,102,0.15,0.85,18,2.5005072752
0,1.321729,0,1,3,1,lc,19,0,0,761,102,0.15,0.85,19,5.4801407784
0,3.337972,0,0,3,1,lc,20,0,0,761,102,0.15,0.85,20,5.1421422593
1.986065,0,0,1,3,1,lc,21,0,0,761,102,0.15,0.85,21,2.9077181531
0,3.582069,0,1,3,1,lc,22,0,0,761,102,0.15,0.85,22,4.0425552839
0,2.784237,0,0,3,1,lc,23,0,0,761,102,0.15,0.85,23,3.0458913998
0,1.868352,0,0,3,1,lc,24,0,0,761,102,0.15,0.85,24,3.600495164
0,0.539232,0,0,3,1,lc,25,0,0,761,102,0.15,0.85,25,2.6334597818
0,2.889598,0,0,3,1,lc,26,0,0,761,102,0.15,0.85,26,2.5800022725
0,3.303062,0,0,3,1,lc,27,0,0,761,102,0.15,0.85,27,3.9156151927
0,1.204954,0,0,3,1,lc,28,0,0,761,102,0.15,0.85,28,2.9038152053
0,0.974003,0,0,3,1,lc,29,0,0,761,102,0.15,0.85,29,5.2279764012
0,2.753029,0,0,3,1,lc,30,0,0,761,102,0.15,0.85,30,3.2074111443
0,2.407293,0,0,3,1,lc,31,0,0,761,102,0.15,0.85,31,3.488883949
0,2.512095,0,0,3,1,lc,32,0,0,761,102,0.15,0.85,32,3.0806321038
0,3.869929,0,0,3,1,lc,33,0,0,761,102,0.15,0.85,33,3.6237632337
0,4.48101,0,0,3,1,lc,34,0,0,761,102,0.15,0.85,34,4.0979424869
0,3.029421,0,0,3,1,lc,35,0,0,761,102,0.15,0.85,35,4.2054889653
0,1.690095,0,0,3,1,lc,36,0,0,761,102,0.15,0.85,36,3.0393337521
2.274789,0,1,1,3,1,lc,37,0,1,761,109,0.85,0.15,1,3.1934379255
2.970907,0,0,0,3,1,lc,38,0,1,761,109,0.85,0.15,2,3.226936138
4.363056,0,0,0,3,1,lc,39,0,1,761,109,0.85,0.15,3,5.5815756566
5.152467,0,0,0,3,1,lc,40,0,1,761,109,0.85,0.15,4,2.6457716959
0.287672,0,0,0,3,1,lc,41,0,1,761,109,0.85,0.15,5,3.0664373602
2.527515,0,0,0,3,1,lc,42,0,1,761,109,0.85,0.15,6,2.9393633041
3.506075,0,0,0,3,1,lc,43,0,1,761,109,0.85,0.15,7,2.5069450567
3.670059,0,0,0,3,1,lc,44,0,1,761,109,0.85,0.15,8,4.7543615558
3.157679,0,0,0,3,1,lc,45,0,1,761,109,0.85,0.15,9,2.9508802127
2.607345,0,0,0,3,1,lc,46,0,1,761,109,0.85,0.15,10,2.842548535
3.988459,0,0,0,3,1,lc,47,0,1,761,109,0.85,0.15,11,2.9585016184
1.970753,0,0,0,3,1,lc,48,0,1,761,109,0.85,0.15,12,2.5371918604
2.8898,0,0,0,3,1,lc,49,0,1,761,109,0.85,0.15,13,2.6816031528
1.726134,0,0,0,3,1,lc,50,0,1,761,109,0.85,0.15,14,3.4523562187
0,2.185551,0,1,3,1,lc,51,0,1,761,109,0.85,0.15,15,2.5576506504
3.027364,0,0,1,3,1,lc,52,0,1,761,109,0.85,0.15,16,5.8777179276
2.131574,0,0,0,3,1,lc,53,0,1,761,109,0.85,0.15,17,3.2187402508
2.741975,0,0,0,3,1,lc,54,0,1,761,109,0.85,0.15,18,2.7774259979
3.791764,0,0,0,3,1,lc,55,0,1,761,109,0.85,0.15,19,3.017042305
2.725004,0,0,0,3,1,lc,56,0,1,761,109,0.85,0.15,20,2.5142481788
0,2.83378,0,1,3,1,lc,57,0,1,761,109,0.85,0.15,21,4.2015207129
0,2.811335,0,0,3,1,lc,58,0,1,761,109,0.85,0.15,22,2.6210822132
0.666316,0,0,1,3,1,lc,59,0,1,761,109,0.85,0.15,23,2.5600618605
2.873994,0,0,0,3,1,lc,60,0,1,761,109,0.85,0.15,24,4.0508626096
2.840554,0,1,0,3,1,lc,61,0,2,761,102,0.15,0.85,1,4.7298228976
3.832309,0,0,0,3,1,lc,62,0,2,761,102,0.15,0.85,2,2.7586449742
0,2.088545,0,1,3,1,lc,63,0,2,761,102,0.15,0.85,3,4.1788175416
0,1.667001,0,0,3,1,lc,64,0,2,761,102,0.15,0.85,4,2.8525436767
0,2.989564,0,0,3,1,lc,65,0,2,761,102,0.15,0.85,5,2.6328142794
0,2.889954,0,0,3,1,lc,66,0,2,761,102,0.15,0.85,6,2.6077699543
0,3.122334,0,0,3,1,lc,67,0,2,761,102,0.15,0.85,7,3.0040717051
0,2.772415,0,0,3,1,lc,68,0,2,761,102,0.15,0.85,8,3.1342880039
0,2.357796,0,0,3,1,lc,69,0,2,761,102,0.15,0.85,9,4.5877518647
0,2.890976,0,0,3,1,lc,70,0,2,761,102,0.15,0.85,10,3.2096187994
0,3.98659,0,0,3,1,lc,71,0,2,761,102,0.15,0.85,11,3.390522223
4.145179,0,0,1,3,1,lc,72,0,2,761,102,0.15,0.85,12,3.9281697533
0,2.357961,0,1,3,1,lc,73,0,2,761,102,0.15,0.85,13,5.4588883337
0,1.948458,0,0,3,1,lc,74,0,2,761,102,0.15,0.85,14,7.1079153508
0,3.383913,0,0,3,1,lc,75,0,2,761,102,0.15,0.85,15,2.7112565157
0,2.003719,0,0,3,1,lc,76,0,2,761,102,0.15,0.85,16,4.4867672286
0,2.436508,0,0,3,1,lc,77,0,2,761,102,0.15,0.85,17,3.8125277966
0,1.420591,0,0,3,1,lc,78,0,2,761,102,0.15,0.85,18,4.3201744287
0,2.30897,0,0,3,1,lc,79,0,2,761,102,0.15,0.85,19,4.7180499649
0,2.506461,0,0,3,1,lc,80,0,2,761,102,0.15,0.85,20,3.8640615784
3.554562,0,0,1,3,1,lc,81,0,2,761,102,0.15,0.85,21,2.6831220148
0,3.503008,0,1,3,1,lc,82,0,2,761,102,0.15,0.85,22,3.8284282461
0,3.680777,0,0,3,1,lc,83,0,2,761,102,0.15,0.85,23,3.3640143341
0,3.504517,0,0,3,1,lc,84,0,2,761,102,0.15,0.85,24,3.5725326741
0,3.457471,0,0,3,1,lc,85,0,2,761,102,0.15,0.85,25,3.463334598
0,3.749085,0,0,3,1,lc,86,0,2,761,102,0.15,0.85,26,3.5324381557
0,4.120306,0,0,3,1,lc,87,0,2,761,102,0.15,0.85,27,2.8570853324
0,2.663512,0,0,3,1,lc,88,0,2,761,102,0.15,0.85,28,4.1911335403
0,4.810072,0,0,3,1,lc,89,0,2,761,102,0.15,0.85,29,3.9252848383
0,2.346446,0,0,3,1,lc,90,0,2,761,102,0.15,0.85,30,3.8125471459
0,2.72253,0,0,3,1,lc,91,0,2,761,102,0.15,0.85,31,3.5469816289
0,2.557316,0,0,3,1,lc,92,0,2,761,102,0.15,0.85,32,2.6090468844
2.430231,0,1,1,3,1,lc,93,0,3,761,109,0.85,0.15,1,3.4787284929
2.829567,0,0,0,3,1,lc,94,0,3,761,109,0.85,0.15,2,3.2678736037
2.00956,0,0,0,3,1,lc,95,0,3,761,109,0.85,0.15,3,2.7662107306
2.64487,0,0,0,3,1,lc,96,0,3,761,109,0.85,0.15,4,2.5602719389
1.143348,0,0,0,3,1,lc,97,0,3,761,109,0.85,0.15,5,4.2646766407
2.454856,0,0,0,3,1,lc,98,0,3,761,109,0.85,0.15,6,2.7458534354
2.785363,0,0,0,3,1,lc,99,0,3,761,109,0.85,0.15,7,4.0605115299
2.024138,0,0,0,3,1,lc,100,0,3,761,109,0.85,0.15,8,2.6845370492
0,1.610758,0,1,3,1,lc,101,0,3,761,109,0.85,0.15,9,2.733881325
2.897956,0,0,1,3,1,lc,102,0,3,761,109,0.85,0.15,10,2.896079056
1.862843,0,0,0,3,1,lc,103,0,3,761,109,0.85,0.15,11,2.5080895726
4.165653,0,0,0,3,1,lc,104,0,3,761,109,0.85,0.15,12,2.5176129147
2.402943,0,0,0,3,1,lc,105,0,3,761,109,0.85,0.15,13,2.5579973141
2.064927,0,0,0,3,1,lc,106,0,3,761,109,0.85,0.15,14,2.6427036158
3.314979,0,0,0,3,1,lc,107,0,3,761,109,0.85,0.15,15,2.5786266871
3.771854,0,0,0,3,1,lc,108,0,3,761,109,0.85,0.15,16,2.606115253
0,2.261147,0,1,3,1,lc,109,0,3,761,109,0.85,0.15,17,5.8201465723
3.370498,0,0,1,3,1,lc,110,0,3,761,109,0.85,0.15,18,2.5130750439
0,3.58838,0,1,3,1,lc,102,0,3,761,109,0.85,0.15,19,2.731082546
3.201789,0,0,1,3,1,lc,109,0,3,761,109,0.85,0.15,20,4.5593220475
2.806645,0,0,0,3,1,lc,113,0,3,761,109,0.85,0.15,21,3.1534178193
2.668152,0,0,0,3,1,lc,114,0,3,761,109,0.85,0.15,22,4.2358483113
0,4.82179,0,1,3,1,lc,115,0,3,761,109,0.85,0.15,23,2.6287094682
3.082231,0,0,1,3,1,lc,116,0,3,761,109,0.85,0.15,24,7.5265605867
2.157453,0,0,0,3,1,lc,117,0,3,761,109,0.85,0.15,25,2.8984722036
0,2.662673,1,1,3,1,lc,118,0,4,761,102,0.15,0.85,1,2.8085788173
0,1.337594,0,0,3,1,lc,119,0,4,761,102,0.15,0.85,2,3.7750189019
2.233086,0,0,1,3,1,lc,120,0,4,761,102,0.15,0.85,3,3.2250162456
0,0.803455,0,1,3,1,lc,121,0,4,761,102,0.15,0.85,4,4.964617928
0,2.035041,0,0,3,1,lc,122,0,4,761,102,0.15,0.85,5,2.7804022899
0,3.81822,0,0,3,1,lc,123,0,4,761,102,0.15,0.85,6,3.0540354091
1.960649,0,0,1,3,1,lc,124,0,4,761,102,0.15,0.85,7,3.8215856413
0,2.041523,0,1,3,1,lc,125,0,4,761,102,0.15,0.85,8,3.2989113222
0,3.242397,0,0,3,1,lc,126,0,4,761,102,0.15,0.85,9,3.5920384391
0,0.409651,0,0,3,1,lc,127,0,4,761,102,0.15,0.85,10,2.6460622725
0,2.149083,0,0,3,1,lc,128,0,4,761,102,0.15,0.85,11,2.8209451289
0,5.392284,0,0,3,1,lc,129,0,4,761,102,0.15,0.85,12,3.395281749
0,4.890178,0,0,3,1,lc,130,0,4,761,102,0.15,0.85,13,5.1104752126
0,4.859307,0,0,3,1,lc,131,0,4,761,102,0.15,0.85,14,6.6833869616
0,2.474361,0,0,3,1,lc,132,0,4,761,102,0.15,0.85,15,4.8198507461
5.071971,0,0,1,3,1,lc,133,0,4,761,102,0.15,0.85,16,3.8507478195
4.265896,0,0,0,3,1,lc,134,0,4,761,102,0.15,0.85,17,2.5713357921
0,4.567128,0,1,3,1,lc,135,0,4,761,102,0.15,0.85,18,3.2311025692
2.327995,0,0,1,3,1,lc,136,0,4,761,102,0.15,0.85,19,3.3987341564
0,0.624424,0,1,3,1,lc,137,0,4,761,102,0.15,0.85,20,2.9082779398
0,3.203247,0,0,3,1,lc,138,0,4,761,102,0.15,0.85,21,2.778196201
0,5.468352,0,0,3,1,lc,139,0,4,761,102,0.15,0.85,22,3.6131577947
0,2.473985,0,0,3,1,lc,140,0,4,761,102,0.15,0.85,23,2.9064010241
0,4.499239,0,0,3,1,lc,141,0,4,761,102,0.15,0.85,24,4.4991924893
0,3.653404,0,0,3,1,lc,142,0,4,761,102,0.15,0.85,25,3.2738904872
0,2.980443,0,0,3,1,lc,143,0,4,761,102,0.15,0.85,26,2.5372659771
0,3.671618,0,0,3,1,lc,144,0,4,761,102,0.15,0.85,27,3.3578624484
0,3.448058,0,0,3,1,lc,145,0,4,761,102,0.15,0.85,28,2.6446281974
0,2.521793,0,0,3,1,lc,146,0,4,761,102,0.15,0.85,29,3.2886902546
0,2.951604,0,0,3,1,lc,147,0,4,761,102,0.15,0.85,30,2.8370707051
0,4.123123,0,0,3,1,lc,148,0,4,761,102,0.15,0.85,31,3.2015733815
0,4.943138,0,0,3,1,lc,149,0,4,761,102,0.15,0.85,32,2.9704766878
3.348053,0,1,1,3,1,lc,150,0,5,761,109,0.85,0.15,1,2.8399752703
3.238291,0,0,0,3,1,lc,151,0,5,761,109,0.85,0.15,2,3.1503491984
2.373164,0,0,0,3,1,lc,152,0,5,761,109,0.85,0.15,3,3.3830033662
1.914868,0,0,0,3,1,lc,153,0,5,761,109,0.85,0.15,4,2.7740915873
3.243721,0,0,0,3,1,lc,154,0,5,761,109,0.85,0.15,5,2.7646684726
0.70772,0,0,0,3,1,lc,155,0,5,761,109,0.85,0.15,6,3.6493667243
0,3.850765,0,1,3,1,lc,156,0,5,761,109,0.85,0.15,7,2.7529982834
3.171609,0,0,1,3,1,lc,157,0,5,761,109,0.85,0.15,8,2.6019885861
3.056662,0,0,0,3,1,lc,158,0,5,761,109,0.85,0.15,9,3.0332352704
3.185661,0,0,0,3,1,lc,159,0,5,761,109,0.85,0.15,10,3.2636608903
2.465834,0,0,0,3,1,lc,160,0,5,761,109,0.85,0.15,11,2.8410654263
2.370675,0,0,0,3,1,lc,161,0,5,761,109,0.85,0.15,12,2.6711937412
1.022527,0,0,0,3,1,lc,162,0,5,761,109,0.85,0.15,13,3.4162852847
2.940116,0,0,0,3,1,lc,163,0,5,761,109,0.85,0.15,14,3.0340253881
2.263318,0,0,0,3,1,lc,164,0,5,761,109,0.85,0.15,15,3.6177427755
3.556905,0,0,0,3,1,lc,165,0,5,761,109,0.85,0.15,16,6.0102917354
4.42281,0,0,0,3,1,lc,166,0,5,761,109,0.85,0.15,17,4.3500427374
3.192803,0,0,0,3,1,lc,167,0,5,761,109,0.85,0.15,18,2.5825610637
1.803098,0,0,0,3,1,lc,168,0,5,761,109,0.85,0.15,19,2.6256918206
3.61748,0,0,0,3,1,lc,169,0,5,761,109,0.85,0.15,20,2.9417092992
1.890199,0,0,0,3,1,lc,170,0,5,761,109,0.85,0.15,21,4.4881919821
3.212496,0,0,0,3,1,lc,171,0,5,761,109,0.85,0.15,22,2.6289145855
1.762793,0,0,0,3,1,lc,172,0,5,761,109,0.85,0.15,23,5.5128657988
0,3.019951,0,1,3,1,lc,173,0,5,761,109,0.85,0.15,24,2.8811254592
3.854575,0,0,1,3,1,lc,174,0,5,761,109,0.85,0.15,25,3.1807318044
0,0.587541,0,1,3,1,lc,175,0,5,761,109,0.85,0.15,26,2.5761377935
3.200913,0,0,1,3,1,lc,176,0,5,761,109,0.85,0.15,27,3.3163364837
0,2.816502,1,1,3,1,lc,177,0,6,761,102,0.15,0.85,1,2.8275654241
0,3.983345,0,0,3,1,lc,178,0,6,761,102,0.15,0.85,2,2.697234362
0,4.079059,0,0,3,1,lc,179,0,6,761,102,0.15,0.85,3,3.3279166674
0,3.588472,0,0,3,1,lc,180,0,6,761,102,0.15,0.85,4,2.7826769424
0,3.915108,0,0,3,1,lc,181,0,6,761,102,0.15,0.85,5,7.0455955453
0,2.943839,0,0,3,1,lc,182,0,6,761,102,0.15,0.85,6,3.1074338771
0,2.679286,0,0,3,1,lc,183,0,6,761,102,0.15,0.85,7,3.7163290067
2.699817,0,0,1,3,1,lc,184,0,6,761,102,0.15,0.85,8,2.9095498685
0,5.428455,0,1,3,1,lc,185,0,6,761,102,0.15,0.85,9,2.9372070439
0,4.538235,0,0,3,1,lc,186,0,6,761,102,0.15,0.85,10,2.8277888796
0,1.248995,0,0,3,1,lc,187,0,6,761,102,0.15,0.85,11,3.6065569594
0,2.462656,0,0,3,1,lc,188,0,6,761,102,0.15,0.85,12,2.8002957993
0,2.065577,0,0,3,1,lc,189,0,6,761,102,0.15,0.85,13,2.6007773163
0,3.621341,0,0,3,1,lc,190,0,6,761,102,0.15,0.85,14,2.5813132093
3.062532,0,0,1,3,1,lc,191,0,6,761,102,0.15,0.85,15,3.1765992029
0,3.909632,0,1,3,1,lc,192,0,6,761,102,0.15,0.85,16,3.686670749
0,3.422142,0,0,3,1,lc,193,0,6,761,102,0.15,0.85,17,7.0062843588
0,3.361713,0,0,3,1,lc,194,0,6,761,102,0.15,0.85,18,3.0477264783
0,1.751076,0,0,3,1,lc,195,0,6,761,102,0.15,0.85,19,6.0990283987
0,2.176686,0,0,3,1,lc,196,0,6,761,102,0.15,0.85,20,4.4559280283
0,2.328476,0,0,3,1,lc,197,0,6,761,102,0.15,0.85,21,2.7239686565
0,1.434493,0,0,3,1,lc,198,0,6,761,102,0.15,0.85,22,3.0229978899
2.464427,0,1,1,3,1,lc,199,0,7,761,109,0.85,0.15,1,2.6177252304
0,3.024639,0,1,3,1,lc,200,0,7,761,109,0.85,0.15,2,3.6066178909
2.177293,0,0,1,3,1,lc,201,0,7,761,109,0.85,0.15,3,3.9682658669
2.30471,0,0,0,3,1,lc,202,0,7,761,109,0.85,0.15,4,4.6493366176
1.389869,0,0,0,3,1,lc,203,0,7,761,109,0.85,0.15,5,2.9092970686
4.29503,0,0,0,3,1,lc,204,0,7,761,109,0.85,0.15,6,2.536519267
4.362531,0,0,0,3,1,lc,205,0,7,761,109,0.85,0.15,7,2.7831214596
4.520425,0,0,0,3,1,lc,206,0,7,761,109,0.85,0.15,8,3.253190355
1.397302,0,0,0,3,1,lc,207,0,7,761,109,0.85,0.15,9,4.4011494257
3.104929,0,0,0,3,1,lc,208,0,7,761,109,0.85,0.15,10,2.5978173816
3.797842,0,0,0,3,1,lc,209,0,7,761,109,0.85,0.15,11,3.242117303
1.098658,0,0,0,3,1,lc,210,0,7,761,109,0.85,0.15,12,3.6169778833
4.551857,0,0,0,3,1,lc,211,0,7,761,109,0.85,0.15,13,2.8992174678
1.620879,0,0,0,3,1,lc,212,0,7,761,109,0.85,0.15,14,2.8001089307
1.978906,0,0,0,3,1,lc,213,0,7,761,109,0.85,0.15,15,3.1583053762
4.83064,0,0,0,3,1,lc,214,0,7,761,109,0.85,0.15,16,2.7294298426
4.259318,0,0,0,3,1,lc,215,0,7,761,109,0.85,0.15,17,3.7968421331
3.16433,0,0,0,3,1,lc,216,0,7,761,109,0.85,0.15,18,4.0266812609
3.440445,0,0,0,3,1,lc,217,0,7,761,109,0.85,0.15,19,3.4432224486
2.764281,0,0,0,3,1,lc,218,0,7,761,109,0.85,0.15,20,2.6806371386
1.500728,0,0,0,3,1,lc,219,0,7,761,109,0.85,0.15,21,3.0680815064
4.442755,0,0,0,3,1,lc,220,0,7,761,109,0.85,0.15,22,3.4856730543
3.13846,0,1,0,3,1,lc,221,0,8,761,102,0.15,0.85,1,2.5388571002
0,3.538619,0,1,3,1,lc,222,0,8,761,102,0.15,0.85,2,5.7177430179
0,5.397452,0,0,3,1,lc,223,0,8,761,102,0.15,0.85,3,4.2258476567
0,3.323572,0,0,3,1,lc,224,0,8,761,102,0.15,0.85,4,3.6959637971
0,2.940052,0,0,3,1,lc,225,0,8,761,102,0.15,0.85,5,3.6150418173
0,4.686505,0,0,3,1,lc,226,0,8,761,102,0.15,0.85,6,2.6049685564
0,2.961271,0,0,3,1,lc,227,0,8,761,102,0.15,0.85,7,6.4151535459
0,1.925218,0,0,3,1,lc,228,0,8,761,102,0.15,0.85,8,2.8434137468
0,2.372471,0,0,3,1,lc,229,0,8,761,102,0.15,0.85,9,4.3824572009
0,1.848898,0,0,3,1,lc,230,0,8,761,102,0.15,0.85,10,3.8707184944
0,4.296004,0,0,3,1,lc,231,0,8,761,102,0.15,0.85,11,4.5256329339
0,2.742273,0,0,3,1,lc,232,0,8,761,102,0.15,0.85,12,2.5335780932
0,3.007393,0,0,3,1,lc,233,0,8,761,102,0.15,0.85,13,3.4408564872
0,3.341635,0,0,3,1,lc,234,0,8,761,102,0.15,0.85,14,3.5379849754
0,4.155514,0,0,3,1,lc,235,0,8,761,102,0.15,0.85,15,3.6853391612
4.14179,0,0,1,3,1,lc,236,0,8,761,102,0.15,0.85,16,5.4351470246
0,3.125754,0,1,3,1,lc,237,0,8,761,102,0.15,0.85,17,2.8860429814
0,1.200351,0,0,3,1,lc,238,0,8,761,102,0.15,0.85,18,3.4087676308
0,3.226348,0,0,3,1,lc,239,0,8,761,102,0.15,0.85,19,3.6179385615
0,4.481983,0,0,3,1,lc,240,0,8,761,102,0.15,0.85,20,3.9419608189
2.634937,0,0,1,3,1,lc,241,0,8,761,102,0.15,0.85,21,3.6540775954
0,2.428081,0,1,3,1,lc,242,0,8,761,102,0.15,0.85,22,3.0043089681
0,1.52624,0,0,3,1,lc,243,0,8,761,102,0.15,0.85,23,6.1681999414
0,1.606663,0,0,3,1,lc,244,0,8,761,102,0.15,0.85,24,4.3248268972
0,2.763138,0,0,3,1,lc,245,0,8,761,102,0.15,0.85,25,2.5130847957
3.505624,0,1,1,3,1,lc,246,0,9,761,109,0.85,0.15,1,2.6386600399
3.052177,0,0,0,3,1,lc,247,0,9,761,109,0.85,0.15,2,3.4373593858
0,3.664401,0,1,3,1,lc,248,0,9,761,109,0.85,0.15,3,2.8991458901
2.720462,0,0,1,3,1,lc,249,0,9,761,109,0.85,0.15,4,4.3438687446
0,1.85189,0,1,3,1,lc,250,0,9,761,109,0.85,0.15,5,3.5454206416
4.37775,0,0,1,3,1,lc,251,0,9,761,109,0.85,0.15,6,2.7017509744
4.433901,0,0,0,3,1,lc,252,0,9,761,109,0.85,0.15,7,3.7821701239
2.258787,0,0,0,3,1,lc,253,0,9,761,109,0.85,0.15,8,2.5430539032
3.552356,0,0,0,3,1,lc,254,0,9,761,109,0.85,0.15,9,2.8940970384
2.853289,0,0,0,3,1,lc,255,0,9,761,109,0.85,0.15,10,2.7661809303
1.887213,0,0,0,3,1,lc,256,0,9,761,109,0.85,0.15,11,2.725839805
2.262178,0,0,0,3,1,lc,257,0,9,761,109,0.85,0.15,12,3.1032240107
3.462839,0,0,0,3,1,lc,258,0,9,761,109,0.85,0.15,13,3.3323161984
0,2.459998,0,1,3,1,lc,259,0,9,761,109,0.85,0.15,14,2.9442328069
3.501724,0,0,1,3,1,lc,260,0,9,761,109,0.85,0.15,15,2.5146426269
0,2.827276,0,1,3,1,lc,261,0,9,761,109,0.85,0.15,16,2.8196556739
2.078315,0,0,1,3,1,lc,262,0,9,761,109,0.85,0.15,17,4.0931568823
0,0.903929,0,1,3,1,lc,263,0,9,761,109,0.85,0.15,18,3.3685009758
2.184506,0,0,1,3,1,lc,264,0,9,761,109,0.85,0.15,19,2.7427076523
3.423412,0,0,0,3,1,lc,265,0,9,761,109,0.85,0.15,20,2.5930638914
3.999202,0,0,0,3,1,lc,266,0,9,761,109,0.85,0.15,21,6.9086297344
3.249078,0,0,0,3,1,lc,267,0,9,761,109,0.85,0.15,22,2.9329962835
0,2.402087,0,1,3,1,lc,268,0,9,761,109,0.85,0.15,23,2.9959521954
0,3.134858,1,0,3,1,lc,269,0,10,761,102,0.15,0.85,1,4.633242372
0.592379,0,0,1,3,1,lc,270,0,10,761,102,0.15,0.85,2,2.9976037361
0,1.898529,0,1,3,1,lc,271,0,10,761,102,0.15,0.85,3,3.841536905
0,5.431243,0,0,3,1,lc,272,0,10,761,102,0.15,0.85,4,3.1928477686
0,2.098697,0,0,3,1,lc,273,0,10,761,102,0.15,0.85,5,6.4432042687
2.891751,0,0,1,3,1,lc,274,0,10,761,102,0.15,0.85,6,4.1843405491
0,3.915485,0,1,3,1,lc,275,0,10,761,102,0.15,0.85,7,2.8305050877
0,2.525082,0,0,3,1,lc,276,0,10,761,102,0.15,0.85,8,2.532258057
0,2.81732,0,0,3,1,lc,277,0,10,761,102,0.15,0.85,9,3.0350478377
0,1.053506,0,0,3,1,lc,278,0,10,761,102,0.15,0.85,10,7.1833375332
0,3.149437,0,0,3,1,lc,279,0,10,761,102,0.15,0.85,11,2.5462737924
2.541049,0,0,1,3,1,lc,280,0,10,761,102,0.15,0.85,12,4.514956423
0,2.584306,0,1,3,1,lc,281,0,10,761,102,0.15,0.85,13,2.9358187269
2.958539,0,0,1,3,1,lc,282,0,10,761,102,0.15,0.85,14,2.745531899
0,2.20426,0,1,3,1,lc,283,0,10,761,102,0.15,0.85,15,3.5860322844
0,1.627936,0,0,3,1,lc,284,0,10,761,102,0.15,0.85,16,3.8923093589
0,3.22694,0,0,3,1,lc,285,0,10,761,102,0.15,0.85,17,5.2903639452
0,3.014271,0,0,3,1,lc,286,0,10,761,102,0.15,0.85,18,3.2147611684
0,3.145186,0,0,3,1,lc,287,0,10,761,102,0.15,0.85,19,4.0156472766
0,5.008521,0,0,3,1,lc,288,0,10,761,102,0.15,0.85,20,3.3153612074
0,3.805125,0,0,3,1,lc,289,0,10,761,102,0.15,0.85,21,2.7052740262
0,2.908118,0,0,3,1,lc,290,0,10,761,102,0.15,0.85,22,2.7822265262
0,2.550752,0,0,3,1,lc,291,0,10,761,102,0.15,0.85,23,3.0138014315
2.805181,0,1,1,3,1,lc,292,0,11,761,109,0.85,0.15,1,2.8144716506
3.383813,0,0,0,3,1,lc,293,0,11,761,109,0.85,0.15,2,2.6455669112
4.535018,0,0,0,3,1,lc,294,0,11,761,109,0.85,0.15,3,2.8919284363
1.847094,0,0,0,3,1,lc,295,0,11,761,109,0.85,0.15,4,2.6042790441
4.444294,0,0,0,3,1,lc,296,0,11,761,109,0.85,0.15,5,2.8841812656
4.676168,0,0,0,3,1,lc,297,0,11,761,109,0.85,0.15,6,3.3913256001
1.443854,0,0,0,3,1,lc,298,0,11,761,109,0.85,0.15,7,2.9546131162
1.846219,0,0,0,3,1,lc,299,0,11,761,109,0.85,0.15,8,3.2208384938
2.292555,0,0,0,3,1,lc,300,0,11,761,109,0.85,0.15,9,3.6073213281
0,2.813553,1,1,3,1,lc,301,0,12,761,102,0.15,0.85,1,2.6423340743
0,2.803279,0,0,3,1,lc,302,0,12,761,102,0.15,0.85,2,2.7486516374
0,2.621894,0,0,3,1,lc,303,0,12,761,102,0.15,0.85,3,4.267640631
0,4.135313,0,0,3,1,lc,304,0,12,761,102,0.15,0.85,4,2.9656397427
0,3.320144,0,0,3,1,lc,305,0,12,761,102,0.15,0.85,5,3.1834785128
0,1.237338,0,0,3,1,lc,306,0,12,761,102,0.15,0.85,6,2.9612012483
0,2.442225,0,0,3,1,lc,307,0,12,761,102,0.15,0.85,7,2.6694904788
0,4.800685,0,0,3,1,lc,308,0,12,761,102,0.15,0.85,8,2.8416475207
0,3.016986,0,0,3,1,lc,309,0,12,761,102,0.15,0.85,9,4.192166777
0,3.912138,0,0,3,1,lc,310,0,12,761,102,0.15,0.85,10,2.583674198
0,3.003924,0,0,3,1,lc,311,0,12,761,102,0.15,0.85,11,5.7694136404
4.051686,0,0,1,3,1,lc,312,0,12,761,102,0.15,0.85,12,4.4094079882
0,1.868733,0,1,3,1,lc,313,0,12,761,102,0.15,0.85,13,2.7684504821
0,5.66204,0,0,3,1,lc,314,0,12,761,102,0.15,0.85,14,3.9983050936
0,2.694998,0,0,3,1,lc,315,0,12,761,102,0.15,0.85,15,3.1922428035
0,1.980222,0,0,3,1,lc,316,0,12,761,102,0.15,0.85,16,2.5849947852
3.474333,0,0,1,3,1,lc,317,0,12,761,102,0.15,0.85,17,2.7821855362
0,3.795619,0,1,3,1,lc,318,0,12,761,102,0.15,0.85,18,3.329297266
0,3.308081,0,0,3,1,lc,319,0,12,761,102,0.15,0.85,19,2.6877255926
0,3.933088,0,0,3,1,lc,320,0,12,761,102,0.15,0.85,20,2.6406008856
2.487525,0,0,1,3,1,lc,321,0,12,761,102,0.15,0.85,21,5.2140331595
0,2.283674,0,1,3,1,lc,322,0,12,761,102,0.15,0.85,22,6.1342931682
0,3.727623,0,0,3,1,lc,323,0,12,761,102,0.15,0.85,23,3.0794352815
0,2.580284,0,0,3,1,lc,324,0,12,761,102,0.15,0.85,24,3.0105860888
0,3.97897,0,0,3,1,lc,325,0,12,761,102,0.15,0.85,25,2.7872366833
0,2.420176,0,0,3,1,lc,326,0,12,761,102,0.15,0.85,26,4.9805014334
0,2.540911,0,0,3,1,lc,327,0,12,761,102,0.15,0.85,27,3.4107842706
0,2.522844,0,0,3,1,lc,328,0,12,761,102,0.15,0.85,28,4.2710677188
0,2.950752,0,0,3,1,lc,329,0,12,761,102,0.15,0.85,29,3.5448742421
0,3.942762,0,0,3,1,lc,330,0,12,761,102,0.15,0.85,30,3.527877742
0,3.055047,0,0,3,1,lc,331,0,12,761,102,0.15,0.85,31,2.9637858492
0,3.214417,0,0,3,1,lc,332,0,12,761,102,0.15,0.85,32,2.5048843821
3.082324,0,1,1,3,1,lc,333,0,13,761,109,0.85,0.15,1,2.5032736405
0.353729,0,0,0,3,1,lc,334,0,13,761,109,0.85,0.15,2,3.4402291233
2.502754,0,0,0,3,1,lc,335,0,13,761,109,0.85,0.15,3,2.5710278352
1.669291,0,0,0,3,1,lc,336,0,13,761,109,0.85,0.15,4,4.592207868
2.996922,0,0,0,3,1,lc,337,0,13,761,109,0.85,0.15,5,4.1483602564
0,2.64465,0,1,3,1,lc,338,0,13,761,109,0.85,0.15,6,4.3001968907
2.041499,0,0,1,3,1,lc,339,0,13,761,109,0.85,0.15,7,4.699029723
2.911501,0,0,0,3,1,lc,340,0,13,761,109,0.85,0.15,8,2.5184849279
1.60241,0,0,0,3,1,lc,341,0,13,761,109,0.85,0.15,9,3.6788056654
2.386244,0,0,0,3,1,lc,342,0,13,761,109,0.85,0.15,10,4.1956595986
5.274773,0,0,0,3,1,lc,343,0,13,761,109,0.85,0.15,11,3.0814950003
3.052603,0,0,0,3,1,lc,344,0,13,761,109,0.85,0.15,12,2.741531797
1.334341,0,0,0,3,1,lc,345,0,13,761,109,0.85,0.15,13,2.728715457
0,3.544992,0,1,3,1,lc,346,0,13,761,109,0.85,0.15,14,3.2178326538
0,3.011036,0,0,3,1,lc,347,0,13,761,109,0.85,0.15,15,4.5339114286
0,5.182055,0,0,3,1,lc,348,0,13,761,109,0.85,0.15,16,5.3160198525
3.20942,0,0,1,3,1,lc,349,0,13,761,109,0.85,0.15,17,4.2309388276
2.421298,0,0,0,3,1,lc,350,0,13,761,109,0.85,0.15,18,2.8538635423
2.263964,0,0,0,3,1,lc,351,0,13,761,109,0.85,0.15,19,2.7607990632
2.728748,0,0,0,3,1,lc,352,0,13,761,109,0.85,0.15,20,3.7128603503
4.992556,0,0,0,3,1,lc,353,0,13,761,109,0.85,0.15,21,3.6064292248
0,2.547628,1,1,3,1,lc,354,0,14,761,102,0.15,0.85,1,3.4142497241
0,4.16803,0,0,3,1,lc,355,0,14,761,102,0.15,0.85,2,5.3780904214
0,1.085226,0,0,3,1,lc,356,0,14,761,102,0.15,0.85,3,5.1963521223
0,3.274305,0,0,3,1,lc,357,0,14,761,102,0.15,0.85,4,2.7245559886
0,2.598079,0,0,3,1,lc,358,0,14,761,102,0.15,0.85,5,2.9254375247
0,3.834427,0,0,3,1,lc,359,0,14,761,102,0.15,0.85,6,2.5711944295
0,1.75298,0,0,3,1,lc,360,0,14,761,102,0.15,0.85,7,2.9896546298
2.164549,0,0,1,3,1,lc,361,0,14,761,102,0.15,0.85,8,2.9217298522
0,4.276746,0,1,3,1,lc,362,0,14,761,102,0.15,0.85,9,3.9037826736
0,4.596374,0,0,3,1,lc,363,0,14,761,102,0.15,0.85,10,2.9652422094
2.470552,0,1,1,3,1,lc,364,0,15,761,109,0.85,0.15,1,2.6921912363
2.782705,0,0,0,3,1,lc,365,0,15,761,109,0.85,0.15,2,3.1810838548
2.058014,0,0,0,3,1,lc,366,0,15,761,109,0.85,0.15,3,5.0312234109
3.692353,0,0,0,3,1,lc,367,0,15,761,109,0.85,0.15,4,2.5814889123
2.929955,0,0,0,3,1,lc,368,0,15,761,109,0.85,0.15,5,2.6800084766
2.502735,0,0,0,3,1,lc,369,0,15,761,109,0.85,0.15,6,2.8821957219
2.398299,0,0,0,3,1,lc,370,0,15,761,109,0.85,0.15,7,2.6330054298
2.263284,0,0,0,3,1,lc,371,0,15,761,109,0.85,0.15,8,3.0553739943
4.773251,0,0,0,3,1,lc,372,0,15,761,109,0.85,0.15,9,4.4953817173
2.495535,0,0,0,3,1,lc,373,0,15,761,109,0.85,0.15,10,3.1378510268
3.611692,0,0,0,3,1,lc,374,0,15,761,109,0.85,0.15,11,3.104385982
0,4.259623,0,1,3,1,lc,375,0,15,761,109,0.85,0.15,12,3.5563761331
1.525092,0,0,1,3,1,lc,376,0,15,761,109,0.85,0.15,13,3.2544519323
2.959059,0,0,0,3,1,lc,377,0,15,761,109,0.85,0.15,14,3.6324092662
0,3.197602,0,1,3,1,lc,378,0,15,761,109,0.85,0.15,15,3.1791188254
2.490569,0,0,1,3,1,lc,379,0,15,761,109,0.85,0.15,16,4.9565441485
2.84086,0,0,0,3,1,lc,380,0,15,761,109,0.85,0.15,17,2.6184190241
2.659148,0,0,0,3,1,lc,381,0,15,761,109,0.85,0.15,18,2.958925166
2.703133,0,0,0,3,1,lc,382,0,15,761,109,0.85,0.15,19,3.932493047
0,2.302349,0,1,3,1,lc,383,0,15,761,109,0.85,0.15,20,6.6442135802
0.75467,0,0,1,3,1,lc,384,0,15,761,109,0.85,0.15,21,5.0004201736
0,2.202139,0,1,3,1,lc,385,0,15,761,109,0.85,0.15,22,3.5022633948
2.498261,0,1,1,3,1,lc,386,0,16,761,102,0.15,0.85,1,6.3899580877
0,1.498831,0,1,3,1,lc,387,0,16,761,102,0.15,0.85,2,5.3577935935
0,3.620734,0,0,3,1,lc,388,0,16,761,102,0.15,0.85,3,2.6444582226
0,0.798011,0,0,3,1,lc,389,0,16,761,102,0.15,0.85,4,3.4437139238
0,2.481985,0,0,3,1,lc,390,0,16,761,102,0.15,0.85,5,2.7237462247
0,3.076903,0,0,3,1,lc,391,0,16,761,102,0.15,0.85,6,2.5092920644
0,5.389707,0,0,3,1,lc,392,0,16,761,102,0.15,0.85,7,2.9387956898
0,2.76102,0,0,3,1,lc,393,0,16,761,102,0.15,0.85,8,4.5741202245
0,2.916563,0,0,3,1,lc,394,0,16,761,102,0.15,0.85,9,4.060371524
0,3.100567,0,0,3,1,lc,395,0,16,761,102,0.15,0.85,10,6.7222109234
0,2.740255,0,0,3,1,lc,396,0,16,761,102,0.15,0.85,11,2.9072449677
0,4.644442,0,0,3,1,lc,397,0,16,761,102,0.15,0.85,12,4.0653032166
0,2.569324,0,0,3,1,lc,398,0,16,761,102,0.15,0.85,13,2.8976870095
0,3.649817,0,0,3,1,lc,399,0,16,761,102,0.15,0.85,14,3.5816371587
0,3.725338,0,0,3,1,lc,400,0,16,761,102,0.15,0.85,15,2.6103093621
0,2.953527,0,0,3,1,lc,401,0,16,761,102,0.15,0.85,16,
3.180345,0,0,1,3,1,lc,402,0,16,761,102,0.15,0.85,17,
0,2.505721,0,1,3,1,lc,403,0,16,761,102,0.15,0.85,18,
0,1.338463,0,0,3,1,lc,404,0,16,761,102,0.15,0.85,19,
0,3.016418,0,0,3,1,lc,405,0,16,761,102,0.15,0.85,20,
0,2.293462,0,0,3,1,lc,406,0,16,761,102,0.15,0.85,21,
0,3.438714,0,0,3,1,lc,407,0,16,761,102,0.15,0.85,22,
3.741392,0,0,1,3,1,lc,408,0,16,761,102,0.15,0.85,23,
4.303459,0,0,0,3,1,lc,409,0,16,761,102,0.15,0.85,24,
0,3.58719,0,1,3,1,lc,410,0,16,761,102,0.15,0.85,25,
0,2.71484,0,0,3,1,lc,411,0,16,761,102,0.15,0.85,26,
0,2.803735,0,0,3,1,lc,412,0,16,761,102,0.15,0.85,27,
0,3.181,0,0,3,1,lc,413,0,16,761,102,0.15,0.85,28,
0,2.70246,0,0,3,1,lc,414,0,16,761,102,0.15,0.85,29,
0,0.790885,0,0,3,1,lc,415,0,16,761,102,0.15,0.85,30,
2.607133,0,0,1,3,1,lc,416,0,16,761,102,0.15,0.85,31,
3.116354,0,1,0,3,1,lc,417,0,17,761,109,0.85,0.15,1,
1.782727,0,0,0,3,1,lc,418,0,17,761,109,0.85,0.15,2,
2.962975,0,0,0,3,1,lc,419,0,17,761,109,0.85,0.15,3,
2.705082,0,0,0,3,1,lc,420,0,17,761,109,0.85,0.15,4,
3.055084,0,0,0,3,1,lc,421,0,17,761,109,0.85,0.15,5,
1.237623,0,0,0,3,1,lc,422,0,17,761,109,0.85,0.15,6,
0,2.123039,0,1,3,1,lc,423,0,17,761,109,0.85,0.15,7,
2.546228,0,0,1,3,1,lc,424,0,17,761,109,0.85,0.15,8,
3.143584,0,0,0,3,1,lc,425,0,17,761,109,0.85,0.15,9,
3.673211,0,0,0,3,1,lc,426,0,17,761,109,0.85,0.15,10,
4.898866,0,0,0,3,1,lc,427,0,17,761,109,0.85,0.15,11,
2.630649,0,0,0,3,1,lc,428,0,17,761,109,0.85,0.15,12,
1.770036,0,0,0,3,1,lc,429,0,17,761,109,0.85,0.15,13,
0,2.758032,0,1,3,1,lc,430,0,17,761,109,0.85,0.15,14,
3.255847,0,0,1,3,1,lc,431,0,17,761,109,0.85,0.15,15,
3.425102,0,0,0,3,1,lc,432,0,17,761,109,0.85,0.15,16,
3.139202,0,0,0,3,1,lc,433,0,17,761,109,0.85,0.15,17,
3.574266,0,0,0,3,1,lc,434,0,17,761,109,0.85,0.15,18,
0,1.632495,1,1,3,1,lc,435,0,18,761,102,0.15,0.85,1,
0,4.287996,0,0,3,1,lc,436,0,18,761,102,0.15,0.85,2,
0,3.774525,0,0,3,1,lc,437,0,18,761,102,0.15,0.85,3,
3.987365,0,0,1,3,1,lc,438,0,18,761,102,0.15,0.85,4,
0,3.723804,0,1,3,1,lc,439,0,18,761,102,0.15,0.85,5,
0,2.863945,0,0,3,1,lc,440,0,18,761,102,0.15,0.85,6,
0,2.102553,0,0,3,1,lc,441,0,18,761,102,0.15,0.85,7,
0,2.205184,0,0,3,1,lc,442,0,18,761,102,0.15,0.85,8,
0,3.822199,0,0,3,1,lc,443,0,18,761,102,0.15,0.85,9,
0,2.091644,0,0,3,1,lc,444,0,18,761,102,0.15,0.85,10,
5.051883,0,0,1,3,1,lc,445,0,18,761,102,0.15,0.85,11,
0,0.218663,0,1,3,1,lc,446,0,18,761,102,0.15,0.85,12,
0,0.974055,0,0,3,1,lc,447,0,18,761,102,0.15,0.85,13,
4.241007,0,0,1,3,1,lc,448,0,18,761,102,0.15,0.85,14,
2.079446,0,0,0,3,1,lc,449,0,18,761,102,0.15,0.85,15,
0,2.152305,0,1,3,1,lc,450,0,18,761,102,0.15,0.85,16,
0,2.416877,0,0,3,1,lc,451,0,18,761,102,0.15,0.85,17,
0,2.626333,0,0,3,1,lc,452,0,18,761,102,0.15,0.85,18,
0,3.016238,0,0,3,1,lc,453,0,18,761,102,0.15,0.85,19,
0,1.801139,0,0,3,1,lc,454,0,18,761,102,0.15,0.85,20,
0,3.57115,0,0,3,1,lc,455,0,18,761,102,0.15,0.85,21,
0,3.82799,0,0,3,1,lc,456,0,18,761,102,0.15,0.85,22,
0,4.593584,0,0,3,1,lc,457,0,18,761,102,0.15,0.85,23,
0,3.539256,0,0,3,1,lc,458,0,18,761,102,0.15,0.85,24,
1.462571,0,1,1,3,1,lc,459,0,19,761,109,0.85,0.15,1,
0,1.965676,0,1,3,1,lc,460,0,19,761,109,0.85,0.15,2,
0,4.218657,0,0,3,1,lc,461,0,19,761,109,0.85,0.15,3,
2.888654,0,0,1,3,1,lc,462,0,19,761,109,0.85,0.15,4,
0,2.133674,0,1,3,1,lc,463,0,19,761,109,0.85,0.15,5,
3.919955,0,0,1,3,1,lc,464,0,19,761,109,0.85,0.15,6,
3.63259,0,0,0,3,1,lc,465,0,19,761,109,0.85,0.15,7,
4.00603,0,0,0,3,1,lc,466,0,19,761,109,0.85,0.15,8,
2.354689,0,0,0,3,1,lc,467,0,19,761,109,0.85,0.15,9,
2.99146,0,0,0,3,1,lc,468,0,19,761,109,0.85,0.15,10,
2.226605,0,0,0,3,1,lc,469,0,19,761,109,0.85,0.15,11,
5.682517,0,0,0,3,1,lc,470,0,19,761,109,0.85,0.15,12,
0,2.141517,0,1,3,1,lc,471,0,19,761,109,0.85,0.15,13,
3.288301,0,0,1,3,1,lc,472,0,19,761,109,0.85,0.15,14,
0,2.421932,0,1,3,1,lc,473,0,19,761,109,0.85,0.15,15,
3.155687,0,0,1,3,1,lc,474,0,19,761,109,0.85,0.15,16,
4.13721,0,0,0,3,1,lc,475,0,19,761,109,0.85,0.15,17,
2.937686,0,0,0,3,1,lc,476,0,19,761,109,0.85,0.15,18,
0.651093,0,0,0,3,1,lc,477,0,19,761,109,0.85,0.15,19,
3.331192,0,0,0,3,1,lc,478,0,19,761,109,0.85,0.15,20,
3.331437,0,0,0,3,1,lc,479,0,19,761,109,0.85,0.15,21,
5.18874,0,0,0,3,1,lc,480,0,19,761,109,0.85,0.15,22,
2.511341,0,0,0,3,1,lc,481,0,19,761,109,0.85,0.15,23,
3.267786,0,0,0,3,1,lc,482,0,19,761,109,0.85,0.15,24,
3.140497,0,0,0,3,1,lc,483,0,19,761,109,0.85,0.15,25,
2.411416,0,0,0,3,1,lc,484,0,19,761,109,0.85,0.15,26,
2.750488,0,0,0,3,1,lc,485,0,19,761,109,0.85,0.15,27,
0,4.459006,1,1,3,1,lc,486,0,20,761,102,0.15,0.85,1,
0,4.023428,0,0,3,1,lc,487,0,20,761,102,0.15,0.85,2,
0,3.722415,0,0,3,1,lc,488,0,20,761,102,0.15,0.85,3,
0,3.431262,0,0,3,1,lc,489,0,20,761,102,0.15,0.85,4,
2.744562,0,0,1,3,1,lc,490,0,20,761,102,0.15,0.85,5,
0,2.534875,0,1,3,1,lc,491,0,20,761,102,0.15,0.85,6,
0,2.245821,0,0,3,1,lc,492,0,20,761,102,0.15,0.85,7,
0,3.47462,0,0,3,1,lc,493,0,20,761,102,0.15,0.85,8,
0,3.875552,0,0,3,1,lc,494,0,20,761,102,0.15,0.85,9,
3.250281,0,0,1,3,1,lc,495,0,20,761,102,0.15,0.85,10,
0,3.232728,0,1,3,1,lc,496,0,20,761,102,0.15,0.85,11,
0,3.15176,0,0,3,1,lc,497,0,20,761,102,0.15,0.85,12,
0,3.453822,0,0,3,1,lc,498,0,20,761,102,0.15,0.85,13,
0,2.015247,0,0,3,1,lc,499,0,20,761,102,0.15,0.85,14,
0,1.241641,0,0,3,1,lc,500,0,20,761,102,0.15,0.85,15,
0,2.488386,0,0,3,1,lc,501,0,20,761,102,0.15,0.85,16,
0,2.639114,0,0,3,1,lc,502,0,20,761,102,0.15,0.85,17,
0,2.547952,0,0,3,1,lc,503,0,20,761,102,0.15,0.85,18,
4.152588,0,1,1,3,1,lc,504,0,21,761,109,0.85,0.15,1,
0.634225,0,0,0,3,1,lc,505,0,21,761,109,0.85,0.15,2,
0,3.20236,0,1,3,1,lc,506,0,21,761,109,0.85,0.15,3,
0.549158,0,0,1,3,1,lc,507,0,21,761,109,0.85,0.15,4,
2.986055,0,0,0,3,1,lc,508,0,21,761,109,0.85,0.15,5,
0,1.946399,0,1,3,1,lc,509,0,21,761,109,0.85,0.15,6,
3.336007,0,0,1,3,1,lc,510,0,21,761,109,0.85,0.15,7,
4.139629,0,0,0,3,1,lc,511,0,21,761,109,0.85,0.15,8,
4.052391,0,0,0,3,1,lc,512,0,21,761,109,0.85,0.15,9,
4.083321,0,0,0,3,1,lc,513,0,21,761,109,0.85,0.15,10,
3.214229,0,0,0,3,1,lc,514,0,21,761,109,0.85,0.15,11,
0,2.640384,0,1,3,1,lc,515,0,21,761,109,0.85,0.15,12,
5.19264,0,0,1,3,1,lc,516,0,21,761,109,0.85,0.15,13,
0,2.466791,0,1,3,1,lc,517,0,21,761,109,0.85,0.15,14,
0,1.127163,0,0,3,1,lc,518,0,21,761,109,0.85,0.15,15,
3.333921,0,1,1,3,1,lc,519,0,22,761,102,0.15,0.85,1,
0,3.480755,0,1,3,1,lc,520,0,22,761,102,0.15,0.85,2,
3.050419,0,0,1,3,1,lc,521,0,22,761,102,0.15,0.85,3,
0,4.092258,0,1,3,1,lc,522,0,22,761,102,0.15,0.85,4,
0,3.29104,0,0,3,1,lc,523,0,22,761,102,0.15,0.85,5,
0,3.702325,0,0,3,1,lc,524,0,22,761,102,0.15,0.85,6,
0,3.216817,0,0,3,1,lc,525,0,22,761,102,0.15,0.85,7,
0,2.628451,0,0,3,1,lc,526,0,22,761,102,0.15,0.85,8,
0,4.5033,0,0,3,1,lc,527,0,22,761,102,0.15,0.85,9,
0,2.540708,0,0,3,1,lc,528,0,22,761,102,0.15,0.85,10,
4.972654,0,0,1,3,1,lc,529,0,22,761,102,0.15,0.85,11,
0,4.841978,0,1,3,1,lc,530,0,22,761,102,0.15,0.85,12,
0,2.305271,0,0,3,1,lc,531,0,22,761,102,0.15,0.85,13,
0,4.443819,0,0,3,1,lc,532,0,22,761,102,0.15,0.85,14,
0,1.448929,0,0,3,1,lc,533,0,22,761,102,0.15,0.85,15,
0,3.490914,0,0,3,1,lc,534,0,22,761,102,0.15,0.85,16,
0,2.684839,0,0,3,1,lc,535,0,22,761,102,0.15,0.85,17,
2.945217,0,0,1,3,1,lc,536,0,22,761,102,0.15,0.85,18,
0,2.383273,0,1,3,1,lc,537,0,22,761,102,0.15,0.85,19,
0,2.654184,0,0,3,1,lc,538,0,22,761,102,0.15,0.85,20,
0,3.199803,0,0,3,1,lc,539,0,22,761,102,0.15,0.85,21,
0,2.29739,0,0,3,1,lc,540,0,22,761,102,0.15,0.85,22,
3.356965,0,0,1,3,1,lc,541,0,22,761,102,0.15,0.85,23,
0,2.366937,0,1,3,1,lc,542,0,22,761,102,0.15,0.85,24,
0,2.590803,0,0,3,1,lc,543,0,22,761,102,0.15,0.85,25,
0,2.628184,0,0,3,1,lc,544,0,22,761,102,0.15,0.85,26,
3.185365,0,1,1,3,1,lc,545,0,23,761,109,0.85,0.15,1,
4.162442,0,0,0,3,1,lc,546,0,23,761,109,0.85,0.15,2,
2.190998,0,0,0,3,1,lc,547,0,23,761,109,0.85,0.15,3,
3.155272,0,0,0,3,1,lc,548,0,23,761,109,0.85,0.15,4,
0,2.915316,0,1,3,1,lc,549,0,23,761,109,0.85,0.15,5,
0,4.328143,0,0,3,1,lc,550,0,23,761,109,0.85,0.15,6,
3.949361,0,0,1,3,1,lc,551,0,23,761,109,0.85,0.15,7,
2.082905,0,0,0,3,1,lc,552,0,23,761,109,0.85,0.15,8,
1.900509,0,0,0,3,1,lc,553,0,23,761,109,0.85,0.15,9,
4.529667,0,0,0,3,1,lc,554,0,23,761,109,0.85,0.15,10,
3.125501,0,0,0,3,1,lc,555,0,23,761,109,0.85,0.15,11,
2.610025,0,0,0,3,1,lc,556,0,23,761,109,0.85,0.15,12,
0.728204,0,0,0,3,1,lc,557,0,23,761,109,0.85,0.15,13,
1.467341,0,0,0,3,1,lc,558,0,23,761,109,0.85,0.15,14,
2.392843,0,0,0,3,1,lc,559,0,23,761,109,0.85,0.15,15,
0,3.84496,0,1,3,1,lc,560,0,23,761,109,0.85,0.15,16,
2.508528,0,0,1,3,1,lc,561,0,23,761,109,0.85,0.15,17,
4.229978,0,0,0,3,1,lc,562,0,23,761,109,0.85,0.15,18,
1.900782,0,0,0,3,1,lc,563,0,23,761,109,0.85,0.15,19,
3.513432,0,0,0,3,1,lc,564,0,23,761,109,0.85,0.15,20,
4.064989,0,0,0,3,1,lc,565,0,23,761,109,0.85,0.15,21,
1.755482,0,0,0,3,1,lc,566,0,23,761,109,0.85,0.15,22,
2.307006,0,0,0,3,1,lc,567,0,23,761,109,0.85,0.15,23,
2.637258,0,0,0,3,1,lc,568,0,23,761,109,0.85,0.15,24,
1.964701,0,0,0,3,1,lc,569,0,23,761,109,0.85,0.15,25,
5.010896,0,0,0,3,1,lc,570,0,23,761,109,0.85,0.15,26,
0.920672,0,0,0,3,1,lc,571,0,23,761,109,0.85,0.15,27,
0,2.537483,0,1,3,1,lc,572,0,23,761,109,0.85,0.15,28,
1.705359,0,0,1,3,1,lc,573,0,23,761,109,0.85,0.15,29,
0,2.911441,0,1,3,1,lc,574,0,23,761,109,0.85,0.15,30,
0,1.436721,1,0,3,1,lc,575,0,24,761,102,0.15,0.85,1,
0,2.984087,0,0,3,1,lc,576,0,24,761,102,0.15,0.85,2,
0,2.856011,0,0,3,1,lc,577,0,24,761,102,0.15,0.85,3,
0,2.583158,0,0,3,1,lc,578,0,24,761,102,0.15,0.85,4,
0,3.523659,0,0,3,1,lc,579,0,24,761,102,0.15,0.85,5,
2.632212,0,0,1,3,1,lc,580,0,24,761,102,0.15,0.85,6,
0,3.365933,0,1,3,1,lc,581,0,24,761,102,0.15,0.85,7,
0,1.981495,0,0,3,1,lc,582,0,24,761,102,0.15,0.85,8,
2.868706,0,0,1,3,1,lc,583,0,24,761,102,0.15,0.85,9,
0,3.868703,0,1,3,1,lc,584,0,24,761,102,0.15,0.85,10,
0,2.879754,0,0,3,1,lc,585,0,24,761,102,0.15,0.85,11,
0,3.208001,0,0,3,1,lc,586,0,24,761,102,0.15,0.85,12,
0,2.072027,0,0,3,1,lc,587,0,24,761,102,0.15,0.85,13,
0,2.980658,0,0,3,1,lc,588,0,24,761,102,0.15,0.85,14,
0,2.993841,0,0,3,1,lc,589,0,24,761,102,0.15,0.85,15,
0,4.086852,0,0,3,1,lc,590,0,24,761,102,0.15,0.85,16,
0,1.39926,0,0,3,1,lc,591,0,24,761,102,0.15,0.85,17,
0,3.477671,0,0,3,1,lc,592,0,24,761,102,0.15,0.85,18,
2.298459,0,0,1,3,1,lc,593,0,24,761,102,0.15,0.85,19,
0,3.142386,0,1,3,1,lc,594,0,24,761,102,0.15,0.85,20,
0,2.827051,0,0,3,1,lc,595,0,24,761,102,0.15,0.85,21,
0,2.998636,0,0,3,1,lc,596,0,24,761,102,0.15,0.85,22,
0,2.898669,0,0,3,1,lc,597,0,24,761,102,0.15,0.85,23,
3.512328,0,0,1,3,1,lc,598,0,24,761,102,0.15,0.85,24,
0,1.471611,0,1,3,1,lc,599,0,24,761,102,0.15,0.85,25,
0,4.251047,0,0,3,1,lc,600,0,24,761,102,0.15,0.85,26,
