trial, subj_id, reward_code, condition, run, LR_choice, value_accuracy, value_LR_solution, reward,cumulative_reward, rt, total_trial_time, iti, cp_list, obs_cp_list,high_val_cue,high_p_cue, p_accuracy, p_LR_solution, p_id_solution, id_choice, stim_duration,stim_onset, stim_offset, abs_response_time, epoch_length, epoch_trial,epoch_number
0.000000000000000000e+00	8.110000000000000000e+02	6.000000000000000000e+00	8.510000000000000000e+03	2.000000000000000000e+00	8.200000000000000000e+01	0.000000000000000000e+00	7.600000000000000000e+01	0.000000000000000000e+00	2.900000000000000000e+01	4.699571132659912109e-01	1.500378131866455078e+00	4.424303119401046480e+00	0.000000000000000000e+00	0.000000000000000000e+00	1.020000000000000000e+02	1.090000000000000000e+02	1.000000000000000000e+00	8.200000000000000000e+01	1.090000000000000000e+02	1.090000000000000000e+02	1.499686002731323242e+00	1.626110076904296875e-02	1.515947103500366211e+00	4.862291812896728516e-01	1.300000000000000000e+01	5.000000000000000000e+00	5.000000000000000000e+00
1.000000000000000000e+00	8.110000000000000000e+02	6.000000000000000000e+00	8.510000000000000000e+03	2.000000000000000000e+00	7.600000000000000000e+01	1.000000000000000000e+00	7.600000000000000000e+01	4.000000000000000000e+00	3.300000000000000000e+01	4.836139678955078125e-01	1.500409841537475586e+00	8.008313583111146272e+00	0.000000000000000000e+00	0.000000000000000000e+00	1.020000000000000000e+02	1.090000000000000000e+02	0.000000000000000000e+00	8.200000000000000000e+01	1.090000000000000000e+02	1.020000000000000000e+02	1.499807119369506836e+00	5.965332984924316406e+00	7.465140104293823242e+00	6.448955059051513672e+00	1.300000000000000000e+01	6.000000000000000000e+00	5.000000000000000000e+00
2.000000000000000000e+00	8.110000000000000000e+02	6.000000000000000000e+00	8.510000000000000000e+03	2.000000000000000000e+00	7.600000000000000000e+01	1.000000000000000000e+00	7.600000000000000000e+01	4.000000000000000000e+00	3.700000000000000000e+01	5.092940330505371094e-01	1.500589847564697266e+00	6.063469823058996511e+00	0.000000000000000000e+00	0.000000000000000000e+00	1.020000000000000000e+02	1.090000000000000000e+02	0.000000000000000000e+00	8.200000000000000000e+01	1.090000000000000000e+02	1.020000000000000000e+02	1.499211072921752930e+00	1.549739909172058105e+01	1.699661016464233398e+01	1.600670218467712402e+01	1.300000000000000000e+01	7.000000000000000000e+00	5.000000000000000000e+00
3.000000000000000000e+00	8.110000000000000000e+02	6.000000000000000000e+00	8.510000000000000000e+03	2.000000000000000000e+00	7.600000000000000000e+01	1.000000000000000000e+00	7.600000000000000000e+01	2.000000000000000000e+00	3.900000000000000000e+01	5.573868751525878906e-01	1.500201940536499023e+00	4.362006048973389838e+00	0.000000000000000000e+00	0.000000000000000000e+00	1.020000000000000000e+02	1.090000000000000000e+02	0.000000000000000000e+00	8.200000000000000000e+01	1.090000000000000000e+02	1.020000000000000000e+02	1.499030113220214844e+00	2.308000206947326660e+01	2.457903218269348145e+01	2.363739204406738281e+01	1.300000000000000000e+01	8.000000000000000000e+00	5.000000000000000000e+00
4.000000000000000000e+00	8.110000000000000000e+02	6.000000000000000000e+00	8.510000000000000000e+03	2.000000000000000000e+00	7.600000000000000000e+01	1.000000000000000000e+00	7.600000000000000000e+01	2.000000000000000000e+00	4.100000000000000000e+01	6.296451091766357422e-01	1.500232934951782227e+00	6.932226674838978475e+00	0.000000000000000000e+00	1.000000000000000000e+00	1.090000000000000000e+02	1.090000000000000000e+02	1.000000000000000000e+00	7.600000000000000000e+01	1.090000000000000000e+02	1.090000000000000000e+02	1.499549865722656250e+00	2.896244812011718750e+01	3.046199798583984375e+01	2.959209799766540527e+01	1.300000000000000000e+01	9.000000000000000000e+00	5.000000000000000000e+00
5.000000000000000000e+00	8.110000000000000000e+02	6.000000000000000000e+00	8.510000000000000000e+03	2.000000000000000000e+00	7.600000000000000000e+01	1.000000000000000000e+00	7.600000000000000000e+01	1.000000000000000000e+00	4.200000000000000000e+01	5.744268894195556641e-01	1.500950813293457031e+00	4.886934638581143631e+00	0.000000000000000000e+00	1.000000000000000000e+00	1.020000000000000000e+02	1.090000000000000000e+02	0.000000000000000000e+00	8.200000000000000000e+01	1.090000000000000000e+02	1.020000000000000000e+02	1.500646114349365234e+00	3.742747998237609863e+01	3.892812609672546387e+01	3.800191116333007812e+01	1.300000000000000000e+01	1.000000000000000000e+01	5.000000000000000000e+00
6.000000000000000000e+00	8.110000000000000000e+02	6.000000000000000000e+00	8.510000000000000000e+03	2.000000000000000000e+00	8.200000000000000000e+01	1.000000000000000000e+00	8.200000000000000000e+01	2.000000000000000000e+00	4.400000000000000000e+01	5.588331222534179688e-01	1.500138044357299805e+00	5.611981156784984215e+00	0.000000000000000000e+00	0.000000000000000000e+00	1.020000000000000000e+02	1.090000000000000000e+02	0.000000000000000000e+00	7.600000000000000000e+01	1.090000000000000000e+02	1.020000000000000000e+02	1.500148057937622070e+00	4.384296703338623047e+01	4.534311509132385254e+01	4.440180206298828125e+01	1.300000000000000000e+01	1.100000000000000000e+01	5.000000000000000000e+00
7.000000000000000000e+00	8.110000000000000000e+02	6.000000000000000000e+00	8.510000000000000000e+03	2.000000000000000000e+00	7.600000000000000000e+01	1.000000000000000000e+00	7.600000000000000000e+01	3.000000000000000000e+00	4.700000000000000000e+01	5.897278785705566406e-01	1.500213861465454102e+00	5.500439465112567206e+00	0.000000000000000000e+00	0.000000000000000000e+00	1.020000000000000000e+02	1.090000000000000000e+02	0.000000000000000000e+00	8.200000000000000000e+01	1.090000000000000000e+02	1.020000000000000000e+02	1.500064134597778320e+00	5.097571206092834473e+01	5.247577619552612305e+01	5.156544709205627441e+01	1.300000000000000000e+01	1.200000000000000000e+01	5.000000000000000000e+00
8.000000000000000000e+00	8.110000000000000000e+02	6.000000000000000000e+00	8.510000000000000000e+03	2.000000000000000000e+00	8.200000000000000000e+01	1.000000000000000000e+00	8.200000000000000000e+01	4.000000000000000000e+00	5.100000000000000000e+01	5.787389278411865234e-01	1.500734806060791016e+00	7.655220423729625523e+00	1.000000000000000000e+00	1.000000000000000000e+00	1.090000000000000000e+02	1.020000000000000000e+02	0.000000000000000000e+00	7.600000000000000000e+01	1.020000000000000000e+02	1.090000000000000000e+02	1.500069141387939453e+00	5.800749206542968750e+01	5.950756120681762695e+01	5.858623504638671875e+01	1.100000000000000000e+01	0.000000000000000000e+00	6.000000000000000000e+00
9.000000000000000000e+00	8.110000000000000000e+02	6.000000000000000000e+00	8.510000000000000000e+03	2.000000000000000000e+00	7.600000000000000000e+01	0.000000000000000000e+00	8.200000000000000000e+01	0.000000000000000000e+00	5.000000000000000000e+01	5.383260250091552734e-01	1.500510931015014648e+00	4.146650374349046153e+00	0.000000000000000000e+00	0.000000000000000000e+00	1.090000000000000000e+02	1.020000000000000000e+02	1.000000000000000000e+00	7.600000000000000000e+01	1.020000000000000000e+02	1.020000000000000000e+02	1.500051021575927734e+00	6.718955111503601074e+01	6.868960213661193848e+01	6.772788119316101074e+01	1.100000000000000000e+01	1.000000000000000000e+00	6.000000000000000000e+00
1.000000000000000000e+01	8.110000000000000000e+02	6.000000000000000000e+00	8.510000000000000000e+03	2.000000000000000000e+00	7.600000000000000000e+01	1.000000000000000000e+00	7.600000000000000000e+01	1.000000000000000000e+00	5.100000000000000000e+01	5.156030654907226562e-01	1.501168966293334961e+00	1.392642325060016795e+01	0.000000000000000000e+00	0.000000000000000000e+00	1.090000000000000000e+02	1.020000000000000000e+02	0.000000000000000000e+00	8.200000000000000000e+01	1.020000000000000000e+02	1.090000000000000000e+02	1.499903917312622070e+00	7.285613417625427246e+01	7.435603809356689453e+01	7.337174320220947266e+01	1.100000000000000000e+01	2.000000000000000000e+00	6.000000000000000000e+00
1.100000000000000000e+01	8.110000000000000000e+02	6.000000000000000000e+00	8.510000000000000000e+03	2.000000000000000000e+00	7.600000000000000000e+01	1.000000000000000000e+00	7.600000000000000000e+01	2.000000000000000000e+00	5.300000000000000000e+01	5.268659591674804688e-01	1.500486135482788086e+00	4.407717860455790948e+00	0.000000000000000000e+00	0.000000000000000000e+00	1.090000000000000000e+02	1.020000000000000000e+02	0.000000000000000000e+00	8.200000000000000000e+01	1.020000000000000000e+02	1.090000000000000000e+02	1.500633955001831055e+00	8.830334615707397461e+01	8.980398011207580566e+01	8.883021807670593262e+01	1.100000000000000000e+01	3.000000000000000000e+00	6.000000000000000000e+00
1.200000000000000000e+01	8.110000000000000000e+02	6.000000000000000000e+00	8.510000000000000000e+03	2.000000000000000000e+00	8.200000000000000000e+01	1.000000000000000000e+00	8.200000000000000000e+01	3.000000000000000000e+00	5.600000000000000000e+01	4.804160594940185547e-01	1.500849962234497070e+00	1.086244584026306192e+01	0.000000000000000000e+00	0.000000000000000000e+00	1.090000000000000000e+02	1.020000000000000000e+02	0.000000000000000000e+00	7.600000000000000000e+01	1.020000000000000000e+02	1.090000000000000000e+02	1.499969005584716797e+00	9.423572897911071777e+01	9.573569798469543457e+01	9.471614909172058105e+01	1.100000000000000000e+01	4.000000000000000000e+00	6.000000000000000000e+00
1.300000000000000000e+01	8.110000000000000000e+02	6.000000000000000000e+00	8.510000000000000000e+03	2.000000000000000000e+00	8.200000000000000000e+01	1.000000000000000000e+00	8.200000000000000000e+01	3.000000000000000000e+00	5.900000000000000000e+01	5.242660045623779297e-01	1.500365972518920898e+00	8.866182161777077297e+00	0.000000000000000000e+00	0.000000000000000000e+00	1.090000000000000000e+02	1.020000000000000000e+02	0.000000000000000000e+00	7.600000000000000000e+01	1.020000000000000000e+02	1.090000000000000000e+02	1.500231981277465820e+00	1.066173920631408691e+02	1.081176240444183350e+02	1.071416611671447754e+02	1.100000000000000000e+01	5.000000000000000000e+00	6.000000000000000000e+00
1.400000000000000000e+01	8.110000000000000000e+02	6.000000000000000000e+00	8.510000000000000000e+03	2.000000000000000000e+00	8.200000000000000000e+01	1.000000000000000000e+00	8.200000000000000000e+01	2.000000000000000000e+00	6.100000000000000000e+01	5.643439292907714844e-01	1.500166177749633789e+00	5.689881976180394041e+00	0.000000000000000000e+00	0.000000000000000000e+00	1.090000000000000000e+02	1.020000000000000000e+02	0.000000000000000000e+00	7.600000000000000000e+01	1.020000000000000000e+02	1.090000000000000000e+02	1.499577999114990234e+00	1.170158472061157227e+02	1.185154252052307129e+02	1.175801970958709717e+02	1.100000000000000000e+01	6.000000000000000000e+00	6.000000000000000000e+00
1.500000000000000000e+01	8.110000000000000000e+02	6.000000000000000000e+00	8.510000000000000000e+03	2.000000000000000000e+00	7.600000000000000000e+01	1.000000000000000000e+00	7.600000000000000000e+01	3.000000000000000000e+00	6.400000000000000000e+01	4.713089466094970703e-01	1.500548124313354492e+00	7.721515469233525053e+00	0.000000000000000000e+00	0.000000000000000000e+00	1.090000000000000000e+02	1.020000000000000000e+02	0.000000000000000000e+00	8.200000000000000000e+01	1.020000000000000000e+02	1.090000000000000000e+02	1.499695062637329102e+00	1.242316980361938477e+02	1.257313930988311768e+02	1.247030150890350342e+02	1.100000000000000000e+01	7.000000000000000000e+00	6.000000000000000000e+00
1.600000000000000000e+01	8.110000000000000000e+02	6.000000000000000000e+00	8.510000000000000000e+03	2.000000000000000000e+00	8.200000000000000000e+01	1.000000000000000000e+00	8.200000000000000000e+01	2.000000000000000000e+00	6.600000000000000000e+01	5.584728717803955078e-01	1.500555992126464844e+00	8.567420677942971352e+00	0.000000000000000000e+00	0.000000000000000000e+00	1.090000000000000000e+02	1.020000000000000000e+02	0.000000000000000000e+00	7.600000000000000000e+01	1.020000000000000000e+02	1.090000000000000000e+02	1.499831914901733398e+00	1.334801712036132812e+02	1.349800031185150146e+02	1.340386471748352051e+02	1.100000000000000000e+01	8.000000000000000000e+00	6.000000000000000000e+00
1.700000000000000000e+01	8.110000000000000000e+02	6.000000000000000000e+00	8.510000000000000000e+03	2.000000000000000000e+00	7.600000000000000000e+01	0.000000000000000000e+00	8.200000000000000000e+01	0.000000000000000000e+00	6.500000000000000000e+01	5.981960296630859375e-01	1.500633001327514648e+00	1.497659377835789485e+01	0.000000000000000000e+00	0.000000000000000000e+00	1.090000000000000000e+02	1.020000000000000000e+02	1.000000000000000000e+00	7.600000000000000000e+01	1.020000000000000000e+02	1.020000000000000000e+02	1.500257015228271484e+00	1.435782520771026611e+02	1.450785090923309326e+02	1.441764621734619141e+02	1.100000000000000000e+01	9.000000000000000000e+00	6.000000000000000000e+00
1.800000000000000000e+01	8.110000000000000000e+02	6.000000000000000000e+00	8.510000000000000000e+03	2.000000000000000000e+00	8.200000000000000000e+01	1.000000000000000000e+00	8.200000000000000000e+01	2.000000000000000000e+00	6.700000000000000000e+01	4.708070755004882812e-01	1.500233888626098633e+00	7.365161265082512898e+00	0.000000000000000000e+00	0.000000000000000000e+00	1.090000000000000000e+02	1.020000000000000000e+02	0.000000000000000000e+00	7.600000000000000000e+01	1.020000000000000000e+02	1.090000000000000000e+02	1.498645782470703125e+00	1.600771791934967041e+02	1.615758249759674072e+02	1.605480020046234131e+02	1.100000000000000000e+01	1.000000000000000000e+01	6.000000000000000000e+00
1.900000000000000000e+01	8.110000000000000000e+02	6.000000000000000000e+00	8.510000000000000000e+03	2.000000000000000000e+00	7.600000000000000000e+01	0.000000000000000000e+00	8.200000000000000000e+01	0.000000000000000000e+00	6.600000000000000000e+01	5.754249095916748047e-01	1.500241041183471680e+00	4.462798565930703454e+00	1.000000000000000000e+00	1.000000000000000000e+00	1.020000000000000000e+02	1.090000000000000000e+02	1.000000000000000000e+00	7.600000000000000000e+01	1.090000000000000000e+02	1.090000000000000000e+02	1.500011920928955078e+00	1.689580781459808350e+02	1.704580900669097900e+02	1.695335001945495605e+02	7.000000000000000000e+00	0.000000000000000000e+00	7.000000000000000000e+00
2.000000000000000000e+01	8.110000000000000000e+02	6.000000000000000000e+00	8.510000000000000000e+03	2.000000000000000000e+00	8.200000000000000000e+01	1.000000000000000000e+00	8.200000000000000000e+01	3.000000000000000000e+00	6.900000000000000000e+01	4.922189712524414062e-01	1.500530004501342773e+00	4.970866283057667090e+00	0.000000000000000000e+00	0.000000000000000000e+00	1.020000000000000000e+02	1.090000000000000000e+02	0.000000000000000000e+00	7.600000000000000000e+01	1.090000000000000000e+02	1.020000000000000000e+02	1.499039888381958008e+00	1.749412541389465332e+02	1.764402940273284912e+02	1.754334790706634521e+02	7.000000000000000000e+00	1.000000000000000000e+00	7.000000000000000000e+00
2.100000000000000000e+01	8.110000000000000000e+02	6.000000000000000000e+00	8.510000000000000000e+03	2.000000000000000000e+00	8.200000000000000000e+01	0.000000000000000000e+00	7.600000000000000000e+01	0.000000000000000000e+00	6.800000000000000000e+01	5.214099884033203125e-01	1.501070022583007812e+00	4.977598939613711693e+00	0.000000000000000000e+00	0.000000000000000000e+00	1.020000000000000000e+02	1.090000000000000000e+02	1.000000000000000000e+00	8.200000000000000000e+01	1.090000000000000000e+02	1.090000000000000000e+02	1.500148773193359375e+00	1.814396882057189941e+02	1.829398369789123535e+02	1.819611010551452637e+02	7.000000000000000000e+00	2.000000000000000000e+00	7.000000000000000000e+00
2.200000000000000000e+01	8.110000000000000000e+02	6.000000000000000000e+00	8.510000000000000000e+03	2.000000000000000000e+00	8.200000000000000000e+01	1.000000000000000000e+00	8.200000000000000000e+01	1.000000000000000000e+00	6.900000000000000000e+01	5.354819297790527344e-01	1.500993013381958008e+00	4.264710327941669377e+00	0.000000000000000000e+00	0.000000000000000000e+00	1.020000000000000000e+02	1.090000000000000000e+02	0.000000000000000000e+00	7.600000000000000000e+01	1.090000000000000000e+02	1.020000000000000000e+02	1.499706029891967773e+00	1.879395830631256104e+02	1.894392890930175781e+02	1.884750781059265137e+02	7.000000000000000000e+00	3.000000000000000000e+00	7.000000000000000000e+00
2.300000000000000000e+01	8.110000000000000000e+02	6.000000000000000000e+00	8.510000000000000000e+03	2.000000000000000000e+00	8.200000000000000000e+01	1.000000000000000000e+00	8.200000000000000000e+01	2.000000000000000000e+00	7.100000000000000000e+01	4.985091686248779297e-01	1.500716924667358398e+00	5.879623706252384174e+00	0.000000000000000000e+00	0.000000000000000000e+00	1.020000000000000000e+02	1.090000000000000000e+02	0.000000000000000000e+00	7.600000000000000000e+01	1.090000000000000000e+02	1.020000000000000000e+02	1.499897003173828125e+00	1.937214100360870361e+02	1.952213070392608643e+02	1.942199242115020752e+02	7.000000000000000000e+00	4.000000000000000000e+00	7.000000000000000000e+00
2.400000000000000000e+01	8.110000000000000000e+02	6.000000000000000000e+00	8.510000000000000000e+03	2.000000000000000000e+00	7.600000000000000000e+01	1.000000000000000000e+00	7.600000000000000000e+01	4.000000000000000000e+00	7.500000000000000000e+01	5.872049331665039062e-01	1.500632047653198242e+00	6.501045348053962947e+00	0.000000000000000000e+00	0.000000000000000000e+00	1.020000000000000000e+02	1.090000000000000000e+02	0.000000000000000000e+00	8.200000000000000000e+01	1.090000000000000000e+02	1.020000000000000000e+02	1.500180006027221680e+00	2.011203629970550537e+02	2.026205430030822754e+02	2.017075991630554199e+02	7.000000000000000000e+00	5.000000000000000000e+00	7.000000000000000000e+00
2.500000000000000000e+01	8.110000000000000000e+02	6.000000000000000000e+00	8.510000000000000000e+03	2.000000000000000000e+00	8.200000000000000000e+01	0.000000000000000000e+00	7.600000000000000000e+01	0.000000000000000000e+00	7.400000000000000000e+01	4.645078182220458984e-01	1.500612974166870117e+00	4.160617959463941418e+00	0.000000000000000000e+00	1.000000000000000000e+00	1.090000000000000000e+02	1.090000000000000000e+02	0.000000000000000000e+00	7.600000000000000000e+01	1.090000000000000000e+02	1.020000000000000000e+02	1.500154972076416016e+00	2.091526691913604736e+02	2.106528241634368896e+02	2.096171841621398926e+02	7.000000000000000000e+00	6.000000000000000000e+00	7.000000000000000000e+00
2.600000000000000000e+01	8.110000000000000000e+02	6.000000000000000000e+00	8.510000000000000000e+03	2.000000000000000000e+00	8.200000000000000000e+01	0.000000000000000000e+00	7.600000000000000000e+01	0.000000000000000000e+00	7.300000000000000000e+01	4.606080055236816406e-01	1.501106023788452148e+00	9.482616787927826252e+00	1.000000000000000000e+00	0.000000000000000000e+00	1.090000000000000000e+02	1.020000000000000000e+02	1.000000000000000000e+00	8.200000000000000000e+01	1.020000000000000000e+02	1.020000000000000000e+02	1.499989032745361328e+00	2.148352961540222168e+02	2.163352851867675781e+02	2.152959041595458984e+02	5.000000000000000000e+00	0.000000000000000000e+00	8.000000000000000000e+00
2.700000000000000000e+01	8.110000000000000000e+02	6.000000000000000000e+00	8.510000000000000000e+03	2.000000000000000000e+00	7.600000000000000000e+01	0.000000000000000000e+00	8.200000000000000000e+01	0.000000000000000000e+00	7.200000000000000000e+01	6.130521297454833984e-01	1.500320911407470703e+00	4.705282013260455365e+00	0.000000000000000000e+00	1.000000000000000000e+00	1.020000000000000000e+02	1.020000000000000000e+02	0.000000000000000000e+00	8.200000000000000000e+01	1.020000000000000000e+02	1.090000000000000000e+02	1.499619007110595703e+00	2.258507251739501953e+02	2.273503441810607910e+02	2.264637839794158936e+02	5.000000000000000000e+00	1.000000000000000000e+00	8.000000000000000000e+00
2.800000000000000000e+01	8.110000000000000000e+02	6.000000000000000000e+00	8.510000000000000000e+03	2.000000000000000000e+00	8.200000000000000000e+01	0.000000000000000000e+00	7.600000000000000000e+01	0.000000000000000000e+00	7.100000000000000000e+01	4.959461688995361328e-01	1.501036882400512695e+00	6.616919810954587255e+00	0.000000000000000000e+00	1.000000000000000000e+00	1.090000000000000000e+02	1.020000000000000000e+02	1.000000000000000000e+00	8.200000000000000000e+01	1.020000000000000000e+02	1.020000000000000000e+02	1.499931812286376953e+00	2.320825321674346924e+02	2.335824639797210693e+02	2.325784840583801270e+02	5.000000000000000000e+00	2.000000000000000000e+00	8.000000000000000000e+00
2.900000000000000000e+01	8.110000000000000000e+02	6.000000000000000000e+00	8.510000000000000000e+03	2.000000000000000000e+00	8.200000000000000000e+01	1.000000000000000000e+00	8.200000000000000000e+01	2.000000000000000000e+00	7.300000000000000000e+01	5.179438591003417969e-01	1.500559091567993164e+00	5.585233034013577402e+00	0.000000000000000000e+00	0.000000000000000000e+00	1.090000000000000000e+02	1.020000000000000000e+02	0.000000000000000000e+00	7.600000000000000000e+01	1.020000000000000000e+02	1.090000000000000000e+02	1.500157833099365234e+00	2.402310981750488281e+02	2.417312560081481934e+02	2.407490530014038086e+02	5.000000000000000000e+00	3.000000000000000000e+00	8.000000000000000000e+00
3.000000000000000000e+01	8.110000000000000000e+02	6.000000000000000000e+00	8.510000000000000000e+03	2.000000000000000000e+00	8.200000000000000000e+01	0.000000000000000000e+00	7.600000000000000000e+01	0.000000000000000000e+00	7.200000000000000000e+01	4.981341361999511719e-01	1.500303030014038086e+00	5.738405014180075980e+00	0.000000000000000000e+00	0.000000000000000000e+00	1.090000000000000000e+02	1.020000000000000000e+02	1.000000000000000000e+00	8.200000000000000000e+01	1.020000000000000000e+02	1.020000000000000000e+02	1.499942064285278320e+00	2.473467400074005127e+02	2.488466820716857910e+02	2.478449170589447021e+02	5.000000000000000000e+00	4.000000000000000000e+00	8.000000000000000000e+00
3.100000000000000000e+01	8.110000000000000000e+02	6.000000000000000000e+00	8.510000000000000000e+03	2.000000000000000000e+00	8.200000000000000000e+01	1.000000000000000000e+00	8.200000000000000000e+01	3.000000000000000000e+00	7.500000000000000000e+01	5.563540458679199219e-01	1.500817060470581055e+00	4.375832485779071135e+00	1.000000000000000000e+00	1.000000000000000000e+00	1.020000000000000000e+02	1.090000000000000000e+02	0.000000000000000000e+00	7.600000000000000000e+01	1.090000000000000000e+02	1.020000000000000000e+02	1.499925851821899414e+00	2.546132462024688721e+02	2.561131720542907715e+02	2.551696021556854248e+02	1.500000000000000000e+01	0.000000000000000000e+00	9.000000000000000000e+00
3.200000000000000000e+01	8.110000000000000000e+02	6.000000000000000000e+00	8.510000000000000000e+03	2.000000000000000000e+00	8.200000000000000000e+01	0.000000000000000000e+00	7.600000000000000000e+01	0.000000000000000000e+00	7.400000000000000000e+01	4.310259819030761719e-01	1.500598907470703125e+00	4.372598591233451515e+00	0.000000000000000000e+00	1.000000000000000000e+00	1.090000000000000000e+02	1.090000000000000000e+02	0.000000000000000000e+00	7.600000000000000000e+01	1.090000000000000000e+02	1.020000000000000000e+02	1.499676942825317383e+00	2.605116071701049805e+02	2.620112841129302979e+02	2.609426381587982178e+02	1.500000000000000000e+01	1.000000000000000000e+00	9.000000000000000000e+00
3.300000000000000000e+01	8.110000000000000000e+02	6.000000000000000000e+00	8.510000000000000000e+03	2.000000000000000000e+00	7.600000000000000000e+01	0.000000000000000000e+00	8.200000000000000000e+01	0.000000000000000000e+00	7.300000000000000000e+01	5.244290828704833984e-01	1.500461816787719727e+00	1.019583638368894363e+01	0.000000000000000000e+00	1.000000000000000000e+00	1.020000000000000000e+02	1.090000000000000000e+02	1.000000000000000000e+00	7.600000000000000000e+01	1.090000000000000000e+02	1.090000000000000000e+02	1.499828100204467773e+00	2.664108870029449463e+02	2.679107151031494141e+02	2.669353179931640625e+02	1.500000000000000000e+01	2.000000000000000000e+00	9.000000000000000000e+00
3.400000000000000000e+01	8.110000000000000000e+02	6.000000000000000000e+00	8.510000000000000000e+03	2.000000000000000000e+00	8.200000000000000000e+01	0.000000000000000000e+00	7.600000000000000000e+01	0.000000000000000000e+00	7.200000000000000000e+01	5.612261295318603516e-01	1.500705003738403320e+00	4.325709378058673948e+00	0.000000000000000000e+00	0.000000000000000000e+00	1.020000000000000000e+02	1.090000000000000000e+02	1.000000000000000000e+00	8.200000000000000000e+01	1.090000000000000000e+02	1.090000000000000000e+02	1.499621868133544922e+00	2.781258001327514648e+02	2.796254220008850098e+02	2.786870310306549072e+02	1.500000000000000000e+01	3.000000000000000000e+00	9.000000000000000000e+00
3.500000000000000000e+01	8.110000000000000000e+02	6.000000000000000000e+00	8.510000000000000000e+03	2.000000000000000000e+00	8.200000000000000000e+01	0.000000000000000000e+00	7.600000000000000000e+01	0.000000000000000000e+00	7.100000000000000000e+01	5.635321140289306641e-01	1.500684976577758789e+00	5.096215740457542331e+00	0.000000000000000000e+00	0.000000000000000000e+00	1.020000000000000000e+02	1.090000000000000000e+02	1.000000000000000000e+00	8.200000000000000000e+01	1.090000000000000000e+02	1.090000000000000000e+02	1.499912977218627930e+00	2.839751880168914795e+02	2.854751009941101074e+02	2.845387260913848877e+02	1.500000000000000000e+01	4.000000000000000000e+00	9.000000000000000000e+00
3.600000000000000000e+01	8.110000000000000000e+02	6.000000000000000000e+00	8.510000000000000000e+03	2.000000000000000000e+00	8.200000000000000000e+01	1.000000000000000000e+00	8.200000000000000000e+01	2.000000000000000000e+00	7.300000000000000000e+01	4.387450218200683594e-01	1.500774860382080078e+00	7.473004905482927285e+00	0.000000000000000000e+00	0.000000000000000000e+00	1.020000000000000000e+02	1.090000000000000000e+02	0.000000000000000000e+00	7.600000000000000000e+01	1.090000000000000000e+02	1.020000000000000000e+02	1.500118017196655273e+00	2.905907630920410156e+02	2.920908811092376709e+02	2.910295171737670898e+02	1.500000000000000000e+01	5.000000000000000000e+00	9.000000000000000000e+00
3.700000000000000000e+01	8.110000000000000000e+02	6.000000000000000000e+00	8.510000000000000000e+03	2.000000000000000000e+00	8.200000000000000000e+01	1.000000000000000000e+00	8.200000000000000000e+01	2.000000000000000000e+00	7.500000000000000000e+01	4.168109893798828125e-01	1.500703096389770508e+00	8.837727224192033049e+00	0.000000000000000000e+00	0.000000000000000000e+00	1.020000000000000000e+02	1.090000000000000000e+02	0.000000000000000000e+00	7.600000000000000000e+01	1.090000000000000000e+02	1.020000000000000000e+02	1.499902963638305664e+00	2.995894021987915039e+02	3.010893051624298096e+02	3.000062181949615479e+02	1.500000000000000000e+01	6.000000000000000000e+00	9.000000000000000000e+00
3.800000000000000000e+01	8.110000000000000000e+02	6.000000000000000000e+00	8.510000000000000000e+03	2.000000000000000000e+00	7.600000000000000000e+01	1.000000000000000000e+00	7.600000000000000000e+01	2.000000000000000000e+00	7.700000000000000000e+01	5.674810409545898438e-01	1.500550031661987305e+00	5.464801058677857704e+00	0.000000000000000000e+00	0.000000000000000000e+00	1.020000000000000000e+02	1.090000000000000000e+02	0.000000000000000000e+00	8.200000000000000000e+01	1.090000000000000000e+02	1.020000000000000000e+02	1.500024080276489258e+00	3.099542570114135742e+02	3.114542810916900635e+02	3.105217390060424805e+02	1.500000000000000000e+01	7.000000000000000000e+00	9.000000000000000000e+00
3.900000000000000000e+01	8.110000000000000000e+02	6.000000000000000000e+00	8.510000000000000000e+03	2.000000000000000000e+00	8.200000000000000000e+01	0.000000000000000000e+00	7.600000000000000000e+01	0.000000000000000000e+00	7.600000000000000000e+01	4.855659008026123047e-01	1.500261068344116211e+00	4.444492734131432421e+00	0.000000000000000000e+00	0.000000000000000000e+00	1.020000000000000000e+02	1.090000000000000000e+02	1.000000000000000000e+00	8.200000000000000000e+01	1.090000000000000000e+02	1.090000000000000000e+02	1.499256134033203125e+00	3.169372010231018066e+02	3.184364571571350098e+02	3.174227721691131592e+02	1.500000000000000000e+01	8.000000000000000000e+00	9.000000000000000000e+00
4.000000000000000000e+01	8.110000000000000000e+02	6.000000000000000000e+00	8.510000000000000000e+03	2.000000000000000000e+00	7.600000000000000000e+01	1.000000000000000000e+00	7.600000000000000000e+01	1.000000000000000000e+00	7.700000000000000000e+01	5.406010150909423828e-01	1.501026153564453125e+00	7.774457101580632745e+00	0.000000000000000000e+00	0.000000000000000000e+00	1.020000000000000000e+02	1.090000000000000000e+02	0.000000000000000000e+00	8.200000000000000000e+01	1.090000000000000000e+02	1.020000000000000000e+02	1.499430894851684570e+00	3.229027781486511230e+02	3.244022090435028076e+02	3.234433820247650146e+02	1.500000000000000000e+01	9.000000000000000000e+00	9.000000000000000000e+00
4.100000000000000000e+01	8.110000000000000000e+02	6.000000000000000000e+00	8.510000000000000000e+03	2.000000000000000000e+00	7.600000000000000000e+01	1.000000000000000000e+00	7.600000000000000000e+01	2.000000000000000000e+00	7.900000000000000000e+01	6.699938774108886719e-01	1.500746965408325195e+00	4.528248002771293024e+00	0.000000000000000000e+00	0.000000000000000000e+00	1.020000000000000000e+02	1.090000000000000000e+02	0.000000000000000000e+00	8.200000000000000000e+01	1.090000000000000000e+02	1.020000000000000000e+02	1.500607967376708984e+00	3.322010850906372070e+02	3.337016930580139160e+02	3.328711061477661133e+02	1.500000000000000000e+01	1.000000000000000000e+01	9.000000000000000000e+00
4.200000000000000000e+01	8.110000000000000000e+02	6.000000000000000000e+00	8.510000000000000000e+03	2.000000000000000000e+00	7.600000000000000000e+01	0.000000000000000000e+00	8.200000000000000000e+01	0.000000000000000000e+00	7.800000000000000000e+01	5.566799640655517578e-01	1.500439167022705078e+00	7.477488989198266545e+00	0.000000000000000000e+00	1.000000000000000000e+00	1.090000000000000000e+02	1.090000000000000000e+02	0.000000000000000000e+00	8.200000000000000000e+01	1.090000000000000000e+02	1.020000000000000000e+02	1.499786853790283203e+00	3.382502701282501221e+02	3.397500569820404053e+02	3.388069531917572021e+02	1.500000000000000000e+01	1.100000000000000000e+01	9.000000000000000000e+00
4.300000000000000000e+01	8.110000000000000000e+02	6.000000000000000000e+00	8.510000000000000000e+03	2.000000000000000000e+00	8.200000000000000000e+01	1.000000000000000000e+00	8.200000000000000000e+01	2.000000000000000000e+00	8.000000000000000000e+01	4.065618515014648438e-01	1.500462055206298828e+00	7.016839643858615361e+00	0.000000000000000000e+00	1.000000000000000000e+00	1.020000000000000000e+02	1.090000000000000000e+02	0.000000000000000000e+00	7.600000000000000000e+01	1.090000000000000000e+02	1.020000000000000000e+02	1.500190973281860352e+00	3.472491672039031982e+02	3.487493581771850586e+02	3.476557331085205078e+02	1.500000000000000000e+01	1.200000000000000000e+01	9.000000000000000000e+00
4.400000000000000000e+01	8.110000000000000000e+02	6.000000000000000000e+00	8.510000000000000000e+03	2.000000000000000000e+00	7.600000000000000000e+01	1.000000000000000000e+00	7.600000000000000000e+01	2.000000000000000000e+00	8.200000000000000000e+01	5.712552070617675781e-01	1.500154018402099609e+00	8.265884777305517517e+00	0.000000000000000000e+00	0.000000000000000000e+00	1.020000000000000000e+02	1.090000000000000000e+02	0.000000000000000000e+00	8.200000000000000000e+01	1.090000000000000000e+02	1.020000000000000000e+02	1.499659061431884766e+00	3.557980160713195801e+02	3.572976751327514648e+02	3.563692522048950195e+02	1.500000000000000000e+01	1.300000000000000000e+01	9.000000000000000000e+00
4.500000000000000000e+01	8.110000000000000000e+02	6.000000000000000000e+00	8.510000000000000000e+03	2.000000000000000000e+00	8.200000000000000000e+01	0.000000000000000000e+00	7.600000000000000000e+01	0.000000000000000000e+00	8.100000000000000000e+01	5.104069709777832031e-01	1.500593900680541992e+00	4.655787534550870355e+00	0.000000000000000000e+00	1.000000000000000000e+00	1.090000000000000000e+02	1.090000000000000000e+02	0.000000000000000000e+00	7.600000000000000000e+01	1.090000000000000000e+02	1.020000000000000000e+02	1.500002861022949219e+00	3.655965352058410645e+02	3.670965380668640137e+02	3.661069500446319580e+02	1.500000000000000000e+01	1.400000000000000000e+01	9.000000000000000000e+00
4.600000000000000000e+01	8.110000000000000000e+02	6.000000000000000000e+00	8.510000000000000000e+03	2.000000000000000000e+00	8.200000000000000000e+01	0.000000000000000000e+00	7.600000000000000000e+01	0.000000000000000000e+00	8.000000000000000000e+01	4.581010341644287109e-01	1.500391006469726562e+00	4.863129886294956350e+00	1.000000000000000000e+00	0.000000000000000000e+00	1.090000000000000000e+02	1.020000000000000000e+02	1.000000000000000000e+00	8.200000000000000000e+01	1.020000000000000000e+02	1.020000000000000000e+02	1.498831033706665039e+00	3.717799689769744873e+02	3.732788000106811523e+02	3.722380712032318115e+02	8.000000000000000000e+00	0.000000000000000000e+00	1.000000000000000000e+01
4.700000000000000000e+01	8.110000000000000000e+02	6.000000000000000000e+00	8.510000000000000000e+03	2.000000000000000000e+00	7.600000000000000000e+01	0.000000000000000000e+00	8.200000000000000000e+01	0.000000000000000000e+00	7.900000000000000000e+01	4.744470119476318359e-01	1.500443935394287109e+00	5.978644484054945529e+00	0.000000000000000000e+00	1.000000000000000000e+00	1.020000000000000000e+02	1.020000000000000000e+02	0.000000000000000000e+00	8.200000000000000000e+01	1.020000000000000000e+02	1.090000000000000000e+02	1.500666141510009766e+00	3.781610159873962402e+02	3.796616821289062500e+02	3.786354651451110840e+02	8.000000000000000000e+00	1.000000000000000000e+00	1.000000000000000000e+01
4.800000000000000000e+01	8.110000000000000000e+02	6.000000000000000000e+00	8.510000000000000000e+03	2.000000000000000000e+00	7.600000000000000000e+01	1.000000000000000000e+00	7.600000000000000000e+01	1.000000000000000000e+00	8.000000000000000000e+01	5.132930278778076172e-01	1.500333070755004883e+00	5.762626516661518039e+00	0.000000000000000000e+00	1.000000000000000000e+00	1.090000000000000000e+02	1.020000000000000000e+02	0.000000000000000000e+00	8.200000000000000000e+01	1.020000000000000000e+02	1.090000000000000000e+02	1.498409986495971680e+00	3.856610941886901855e+02	3.871595041751861572e+02	3.861744220256805420e+02	8.000000000000000000e+00	2.000000000000000000e+00	1.000000000000000000e+01
4.900000000000000000e+01	8.110000000000000000e+02	6.000000000000000000e+00	8.510000000000000000e+03	2.000000000000000000e+00	7.600000000000000000e+01	1.000000000000000000e+00	7.600000000000000000e+01	1.000000000000000000e+00	8.100000000000000000e+01	5.211470127105712891e-01	1.500508069992065430e+00	5.707484242799897523e+00	0.000000000000000000e+00	1.000000000000000000e+00	1.020000000000000000e+02	1.020000000000000000e+02	1.000000000000000000e+00	7.600000000000000000e+01	1.020000000000000000e+02	1.020000000000000000e+02	1.499480962753295898e+00	3.929430470466613770e+02	3.944425280094146729e+02	3.934641962051391602e+02	8.000000000000000000e+00	3.000000000000000000e+00	1.000000000000000000e+01
5.000000000000000000e+01	8.110000000000000000e+02	6.000000000000000000e+00	8.510000000000000000e+03	2.000000000000000000e+00	8.200000000000000000e+01	1.000000000000000000e+00	8.200000000000000000e+01	1.000000000000000000e+00	8.200000000000000000e+01	4.089641571044921875e-01	1.500299930572509766e+00	5.638231302377451293e+00	0.000000000000000000e+00	0.000000000000000000e+00	1.020000000000000000e+02	1.020000000000000000e+02	1.000000000000000000e+00	8.200000000000000000e+01	1.020000000000000000e+02	1.020000000000000000e+02	1.499818086624145508e+00	4.001750190258026123e+02	4.016748371124267578e+02	4.005839881896972656e+02	8.000000000000000000e+00	4.000000000000000000e+00	1.000000000000000000e+01
5.100000000000000000e+01	8.110000000000000000e+02	6.000000000000000000e+00	8.510000000000000000e+03	2.000000000000000000e+00	7.600000000000000000e+01	0.000000000000000000e+00	8.200000000000000000e+01	0.000000000000000000e+00	8.100000000000000000e+01	5.072231292724609375e-01	1.500201940536499023e+00	4.482441517860704217e+00	0.000000000000000000e+00	1.000000000000000000e+00	1.090000000000000000e+02	1.020000000000000000e+02	1.000000000000000000e+00	7.600000000000000000e+01	1.020000000000000000e+02	1.020000000000000000e+02	1.499400854110717773e+00	4.073404572010040283e+02	4.088398580551147461e+02	4.078476700782775879e+02	8.000000000000000000e+00	5.000000000000000000e+00	1.000000000000000000e+01
5.200000000000000000e+01	8.110000000000000000e+02	6.000000000000000000e+00	8.510000000000000000e+03	2.000000000000000000e+00	7.600000000000000000e+01	1.000000000000000000e+00	7.600000000000000000e+01	1.000000000000000000e+00	8.200000000000000000e+01	4.478039741516113281e-01	1.500206947326660156e+00	9.673558858807373539e+00	0.000000000000000000e+00	0.000000000000000000e+00	1.090000000000000000e+02	1.020000000000000000e+02	0.000000000000000000e+00	8.200000000000000000e+01	1.020000000000000000e+02	1.090000000000000000e+02	1.499716043472290039e+00	4.133396251201629639e+02	4.148393411636352539e+02	4.137873930931091309e+02	8.000000000000000000e+00	6.000000000000000000e+00	1.000000000000000000e+01
5.300000000000000000e+01	8.110000000000000000e+02	6.000000000000000000e+00	8.510000000000000000e+03	2.000000000000000000e+00	8.200000000000000000e+01	1.000000000000000000e+00	8.200000000000000000e+01	2.000000000000000000e+00	8.400000000000000000e+01	4.687788486480712891e-01	1.500355005264282227e+00	1.423028864846847341e+01	0.000000000000000000e+00	0.000000000000000000e+00	1.090000000000000000e+02	1.020000000000000000e+02	0.000000000000000000e+00	7.600000000000000000e+01	1.020000000000000000e+02	1.090000000000000000e+02	1.499968051910400391e+00	4.245383501052856445e+02	4.260383181571960449e+02	4.250071351528167725e+02	8.000000000000000000e+00	7.000000000000000000e+00	1.000000000000000000e+01
5.400000000000000000e+01	8.110000000000000000e+02	6.000000000000000000e+00	8.510000000000000000e+03	2.000000000000000000e+00	7.600000000000000000e+01	0.000000000000000000e+00	8.200000000000000000e+01	0.000000000000000000e+00	8.300000000000000000e+01	5.860199928283691406e-01	1.500264883041381836e+00	4.604032222940602104e+00	1.000000000000000000e+00	1.000000000000000000e+00	1.020000000000000000e+02	1.090000000000000000e+02	1.000000000000000000e+00	7.600000000000000000e+01	1.090000000000000000e+02	1.090000000000000000e+02	1.500057935714721680e+00	4.402856001853942871e+02	4.417856581211090088e+02	4.408716251850128174e+02	6.000000000000000000e+00	0.000000000000000000e+00	1.100000000000000000e+01
5.500000000000000000e+01	8.110000000000000000e+02	6.000000000000000000e+00	8.510000000000000000e+03	2.000000000000000000e+00	8.200000000000000000e+01	0.000000000000000000e+00	7.600000000000000000e+01	0.000000000000000000e+00	8.200000000000000000e+01	4.522159099578857422e-01	1.500674009323120117e+00	4.499636337006964304e+00	0.000000000000000000e+00	0.000000000000000000e+00	1.020000000000000000e+02	1.090000000000000000e+02	1.000000000000000000e+00	8.200000000000000000e+01	1.090000000000000000e+02	1.090000000000000000e+02	1.500270128250122070e+00	4.464181540012359619e+02	4.479184241294860840e+02	4.468703742027282715e+02	6.000000000000000000e+00	1.000000000000000000e+00	1.100000000000000000e+01
5.600000000000000000e+01	8.110000000000000000e+02	6.000000000000000000e+00	8.510000000000000000e+03	2.000000000000000000e+00	8.200000000000000000e+01	1.000000000000000000e+00	8.200000000000000000e+01	2.000000000000000000e+00	8.400000000000000000e+01	4.165940284729003906e-01	1.500709056854248047e+00	4.283375378392264565e+00	0.000000000000000000e+00	0.000000000000000000e+00	1.020000000000000000e+02	1.090000000000000000e+02	0.000000000000000000e+00	7.600000000000000000e+01	1.090000000000000000e+02	1.020000000000000000e+02	1.499597787857055664e+00	4.524506661891937256e+02	4.539502639770507812e+02	4.528672649860382080e+02	6.000000000000000000e+00	2.000000000000000000e+00	1.100000000000000000e+01
5.700000000000000000e+01	8.110000000000000000e+02	6.000000000000000000e+00	8.510000000000000000e+03	2.000000000000000000e+00	8.200000000000000000e+01	1.000000000000000000e+00	8.200000000000000000e+01	3.000000000000000000e+00	8.700000000000000000e+01	4.942128658294677734e-01	1.500406980514526367e+00	4.639505282768046968e+00	0.000000000000000000e+00	0.000000000000000000e+00	1.020000000000000000e+02	1.090000000000000000e+02	0.000000000000000000e+00	7.600000000000000000e+01	1.090000000000000000e+02	1.020000000000000000e+02	1.499996900558471680e+00	4.582666912078857422e+02	4.597666881084442139e+02	4.587609081268310547e+02	6.000000000000000000e+00	3.000000000000000000e+00	1.100000000000000000e+01
5.800000000000000000e+01	8.110000000000000000e+02	6.000000000000000000e+00	8.510000000000000000e+03	2.000000000000000000e+00	7.600000000000000000e+01	1.000000000000000000e+00	7.600000000000000000e+01	2.000000000000000000e+00	8.900000000000000000e+01	5.209999084472656250e-01	1.500300884246826172e+00	5.890937646771335245e+00	0.000000000000000000e+00	0.000000000000000000e+00	1.020000000000000000e+02	1.090000000000000000e+02	0.000000000000000000e+00	8.200000000000000000e+01	1.090000000000000000e+02	1.020000000000000000e+02	1.500195980072021484e+00	4.644319541454315186e+02	4.659321501255035400e+02	4.649529671669006348e+02	6.000000000000000000e+00	4.000000000000000000e+00	1.100000000000000000e+01
5.900000000000000000e+01	8.110000000000000000e+02	6.000000000000000000e+00	8.510000000000000000e+03	2.000000000000000000e+00	8.200000000000000000e+01	1.000000000000000000e+00	8.200000000000000000e+01	2.000000000000000000e+00	9.100000000000000000e+01	4.760360717773437500e-01	1.500735044479370117e+00	6.598849900317204309e+00	0.000000000000000000e+00	0.000000000000000000e+00	1.020000000000000000e+02	1.090000000000000000e+02	0.000000000000000000e+00	7.600000000000000000e+01	1.090000000000000000e+02	1.020000000000000000e+02	1.498749017715454102e+00	4.718485491275787354e+02	4.733472981452941895e+02	4.723245921134948730e+02	6.000000000000000000e+00	5.000000000000000000e+00	1.100000000000000000e+01
